OrderID,CustomerID,RidersID,OrderDate,LocationID,Status,Amount
1.0,2,6,04/01/2023,1,Delivered,1000
2.0,2,6,05/01/2023,2,Delivered,1000
3.0,2,6,05/01/2023,3,Delivered,1000
4.0,2,6,05/01/2023,4,Delivered,1000
5.0,2,6,05/01/2023,5,Delivered,1000
6.0,2,6,05/01/2023,6,Delivered,1000
7.0,2,6,05/01/2023,7,Delivered,1000
8.0,2,6,05/01/2023,8,Delivered,1000
9.0,2,6,05/01/2023,9,Delivered,1000
10.0,2,6,05/01/2023,10,Delivered,1000
11.0,2,6,06/01/2023,11,Delivered,1500
12.0,2,6,06/01/2023,12,Delivered,1000
13.0,2,6,06/01/2023,13,Delivered,1000
14.0,2,6,06/01/2023,14,Delivered,1000
15.0,2,6,06/01/2023,15,Delivered,1500
16.0,2,6,06/01/2023,16,Delivered,1000
17.0,2,6,06/01/2023,17,Delivered,1000
18.0,2,6,06/01/2023,18,Delivered,1000
19.0,2,6,07/01/2023,19,Delivered,1000
20.0,2,6,07/01/2023,20,Delivered,1000
21.0,2,6,07/01/2023,21,Delivered,1000
22.0,2,6,07/01/2023,22,Delivered,1000
23.0,2,6,07/01/2023,23,Delivered,1000
24.0,2,6,09/01/2023,24,Delivered,1000
25.0,2,6,09/01/2023,25,Delivered,1000
26.0,2,6,09/01/2023,26,Delivered,1000
27.0,2,6,09/01/2023,27,Delivered,1000
28.0,2,6,09/01/2023,28,Delivered,1000
29.0,2,6,13/01/2023,29,Delivered,1000
30.0,2,6,16/01/2023,30,Delivered,1000
31.0,2,6,17/01/2023,31,Delivered,1000
32.0,2,6,17/01/2023,32,Delivered,1000
33.0,2,6,17/01/2023,33,Delivered,1000
34.0,2,6,17/01/2023,34,Delivered,1000
35.0,2,6,17/01/2023,35,Delivered,1500
36.0,2,6,17/01/2023,36,Delivered,1500
37.0,2,6,17/01/2023,37,Delivered,1500
38.0,2,6,21/01/2023,38,Delivered,1000
39.0,2,6,23/01/2023,39,Delivered,1500
40.0,2,6,23/01/2023,40,Delivered,1000
41.0,2,6,23/01/2023,41,Delivered,1000
42.0,2,6,24/01/2023,42,Delivered,1000
43.0,2,6,24/01/2023,43,Delivered,10000
44.0,2,6,24/01/2023,44,Delivered,1000
45.0,2,6,24/01/2023,45,Delivered,1000
46.0,2,6,26/01/2023,46,Delivered,1000
47.0,2,6,26/01/2023,47,Delivered,1000
48.0,2,6,27/01/2023,48,Delivered,1500
49.0,2,6,27/01/2023,49,Delivered,1500
50.0,2,6,30/01/2023,50,Delivered,1500
51.0,2,6,01/02/2023,51,Delivered,1500
52.0,2,6,02/02/2023,52,Delivered,1500
53.0,2,6,02/02/2023,53,Delivered,1500
54.0,2,6,04/02/2023,54,Delivered,1500
55.0,2,6,06/02/2023,55,Delivered,1500
56.0,2,6,06/02/2023,56,Delivered,1500
57.0,2,6,06/02/2023,57,Delivered,1500
58.0,2,6,07/02/2023,58,Delivered,1500
59.0,2,6,08/02/2023,59,Delivered,1500
60.0,2,6,08/02/2023,60,Delivered,1500
61.0,2,6,09/02/2023,61,Delivered,1500
62.0,2,6,09/02/2023,62,Delivered,1500
63.0,2,6,13/02/2023,63,Delivered,1500
64.0,2,6,13/02/2023,64,Delivered,1500
65.0,2,6,13/02/2023,65,Delivered,1500
66.0,2,6,13/02/2023,66,Delivered,1500
67.0,2,6,13/02/2023,67,Delivered,1500
68.0,2,6,13/02/2023,68,Delivered,1500
69.0,2,6,13/02/2023,69,Delivered,1500
70.0,2,6,13/02/2023,70,Delivered,1500
71.0,2,6,14/02/2023,71,Delivered,2500
72.0,2,6,14/02/2023,72,Delivered,3500
73.0,2,6,14/02/2023,73,Delivered,3000
74.0,2,6,14/02/2023,74,Delivered,4500
75.0,2,6,16/02/2023,75,Delivered,1500
76.0,2,6,16/02/2023,76,Delivered,1500
77.0,2,6,16/02/2023,77,Delivered,1000
78.0,2,6,16/02/2023,78,Delivered,1500
79.0,2,6,16/02/2023,79,Delivered,1500
80.0,2,6,16/02/2023,80,Delivered,1500
81.0,2,6,17/02/2023,81,Delivered,2500
82.0,2,6,17/02/2023,82,Delivered,2000
83.0,2,6,18/02/2023,83,Delivered,1000
84.0,2,6,18/02/2023,84,Delivered,1000
85.0,2,6,18/02/2023,85,Delivered,1000
86.0,2,6,18/02/2023,86,Delivered,1500
87.0,2,6,20/02/2023,87,Delivered,1500
88.0,2,6,21/02/2023,88,Delivered,1000
89.0,2,6,22/02/2023,89,Delivered,1500
90.0,2,6,22/02/2023,90,Delivered,1500
91.0,2,6,22/02/2023,91,Delivered,1500
92.0,2,6,22/02/2023,92,Delivered,1500
93.0,2,6,22/02/2023,93,Delivered,1000
94.0,2,6,22/02/2023,94,Delivered,1500
95.0,2,6,22/02/2023,95,Delivered,1500
96.0,2,6,23/02/2023,96,Delivered,3000
97.0,2,6,23/02/2023,97,Delivered,3500
98.0,2,6,23/02/2023,98,Delivered,1500
99.0,2,6,24/02/2023,99,Delivered,1000
100.0,2,6,24/02/2023,100,Delivered,1000
101.0,2,6,24/02/2023,101,Delivered,1500
102.0,2,6,27/02/2023,102,Delivered,1500
103.0,2,6,27/02/2023,103,Delivered,1000
104.0,2,6,27/02/2023,104,Delivered,1500
105.0,2,6,27/02/2023,105,Delivered,1500
106.0,2,6,27/02/2023,106,Delivered,1000
107.0,2,6,27/02/2023,107,Delivered,1500
108.0,2,6,27/02/2023,108,Delivered,1500
109.0,2,6,28/02/2023,109,Delivered,3000
110.0,2,6,28/02/2023,110,Delivered,2500
111.0,2,6,28/02/2023,111,Delivered,1500
112.0,2,6,01/03/2023,112,Delivered,1500
113.0,2,6,01/03/2023,113,Delivered,1000
114.0,2,6,01/03/2023,114,Delivered,1500
115.0,2,6,02/03/2023,115,Delivered,3000
116.0,2,6,03/03/2023,116,Delivered,1000
117.0,2,6,03/03/2023,117,Delivered,1000
118.0,2,6,03/03/2023,118,Delivered,1000
119.0,2,6,03/03/2023,119,Delivered,1000
120.0,2,6,03/03/2023,120,Delivered,1500
121.0,2,6,03/03/2023,121,Delivered,1000
122.0,2,6,04/03/2023,122,Delivered,1500
123.0,2,6,06/03/2023,123,Delivered,4000
124.0,2,6,06/03/2023,124,Delivered,2500
125.0,2,6,07/03/2023,125,Delivered,1500
126.0,2,6,07/03/2023,126,Delivered,800
127.0,2,6,07/03/2023,127,Delivered,1500
128.0,2,6,07/03/2023,128,Delivered,1500
129.0,2,6,07/03/2023,129,Delivered,1500
130.0,2,6,07/03/2023,130,Delivered,1500
131.0,2,6,07/03/2023,131,Delivered,1500
132.0,2,6,08/03/2023,132,Delivered,1500
133.0,2,6,08/03/2023,133,Delivered,1000
134.0,2,6,08/03/2023,134,Delivered,1000
135.0,2,6,08/03/2023,135,Delivered,1500
136.0,2,6,08/03/2023,136,Delivered,1500
137.0,2,6,08/03/2023,137,Delivered,1000
138.0,2,6,09/03/2023,138,Delivered,1500
139.0,2,6,09/03/2023,139,Delivered,1500
140.0,2,6,09/03/2023,140,Delivered,1000
141.0,2,6,09/03/2023,141,Delivered,1500
142.0,2,6,09/03/2023,142,Delivered,1500
143.0,2,6,10/03/2023,143,Delivered,1500
144.0,2,6,10/03/2023,144,Delivered,1500
145.0,2,6,10/03/2023,145,Delivered,1500
146.0,2,6,11/03/2023,146,Delivered,1000
147.0,2,6,11/03/2023,147,Delivered,3000
148.0,2,6,11/03/2023,148,Delivered,1600
149.0,2,6,11/03/2023,149,Delivered,2500
150.0,2,6,13/03/2023,150,Delivered,1500
151.0,2,6,13/03/2023,151,Delivered,1500
152.0,2,6,13/03/2023,152,Delivered,1500
153.0,2,6,13/03/2023,153,Delivered,1000
154.0,2,6,13/03/2023,154,Delivered,1000
155.0,2,6,14/03/2023,155,Delivered,1000
156.0,2,6,14/03/2023,156,Delivered,1000
157.0,2,6,14/03/2023,157,Delivered,1500
158.0,2,6,15/03/2023,158,Delivered,1500
159.0,2,6,16/03/2023,159,Delivered,1500
160.0,2,6,16/03/2023,160,Delivered,800
161.0,2,6,16/03/2023,161,Delivered,1500
162.0,2,6,16/03/2023,162,Delivered,1500
163.0,2,6,16/03/2023,163,Delivered,1000
164.0,2,6,20/03/2023,164,Delivered,1500
165.0,2,6,20/03/2023,165,Delivered,1500
166.0,2,6,20/03/2023,166,Delivered,1500
167.0,2,6,20/03/2023,167,Delivered,1500
168.0,2,6,20/03/2023,168,Delivered,1500
169.0,2,6,21/03/2023,169,Delivered,1000
170.0,2,6,21/03/2023,170,Delivered,2500
171.0,2,6,21/03/2023,171,Delivered,1000
172.0,2,6,21/03/2023,172,Delivered,1500
173.0,2,6,22/03/2023,173,Delivered,1600
174.0,2,6,22/03/2023,174,Delivered,1500
175.0,2,6,23/03/2023,175,Delivered,1500
176.0,2,6,23/03/2023,176,Delivered,1500
177.0,2,6,23/03/2023,177,Delivered,1000
178.0,2,6,23/03/2023,178,Delivered,1000
179.0,2,6,23/03/2023,179,Delivered,1500
180.0,2,6,23/03/2023,180,Delivered,1500
181.0,2,6,24/03/2023,181,Delivered,1500
182.0,2,6,25/03/2023,182,Delivered,1500
183.0,2,6,28/03/2023,183,Delivered,1500
184.0,2,6,28/03/2023,184,Delivered,1500
185.0,2,6,28/03/2023,185,Delivered,1500
186.0,2,6,28/03/2023,186,Delivered,1500
187.0,2,6,28/03/2023,187,Delivered,1000
188.0,2,6,28/03/2023,188,Delivered,2500
189.0,2,6,28/03/2023,189,Delivered,1000
190.0,2,6,29/03/2023,190,Delivered,800
191.0,2,6,29/03/2023,191,Delivered,1500
192.0,2,6,29/03/2023,192,Delivered,1500
193.0,2,6,29/03/2023,193,Delivered,800
194.0,2,6,30/03/2023,194,Delivered,800
195.0,2,6,30/03/2023,195,Delivered,1500
196.0,2,6,30/03/2023,196,Delivered,2500
197.0,2,6,30/03/2023,197,Delivered,2000
198.0,2,6,30/03/2023,198,Delivered,3500
199.0,2,6,30/03/2023,199,Delivered,1000
200.0,2,6,30/03/2023,200,Delivered,1500
201.0,2,6,31/03/2023,201,Delivered,1000
202.0,2,6,31/03/2023,202,Delivered,1500
203.0,2,6,31/03/2023,203,Delivered,1000
204.0,2,6,31/03/2023,204,Delivered,800
205.0,2,6,31/03/2023,205,Delivered,1500
206.0,2,6,31/03/2023,206,Delivered,800
207.0,2,6,31/03/2023,207,Delivered,1500
208.0,2,6,01/04/2023,208,Delivered,800
209.0,2,6,01/04/2023,209,Delivered,1500
210.0,2,6,01/04/2023,210,Delivered,1500
211.0,2,6,01/04/2023,211,Delivered,1500
212.0,2,6,01/04/2023,212,Delivered,1500
213.0,2,6,03/04/2023,213,Delivered,1000
214.0,2,6,03/04/2023,214,Delivered,1500
215.0,2,6,03/04/2023,215,Delivered,1000
216.0,2,6,03/04/2023,216,Delivered,1500
217.0,2,6,03/04/2023,217,Delivered,1000
218.0,2,6,03/04/2023,218,Delivered,1500
219.0,2,6,03/04/2023,219,Delivered,1500
220.0,2,6,03/04/2023,220,Delivered,1500
221.0,2,6,03/04/2023,221,Delivered,1500
222.0,2,6,04/04/2023,222,Delivered,3000
223.0,2,6,04/04/2023,223,Delivered,1500
224.0,2,6,04/04/2023,224,Delivered,1500
225.0,2,6,05/04/2023,225,Delivered,1000
226.0,2,6,05/04/2023,226,Delivered,1500
227.0,2,6,05/04/2023,227,Delivered,1000
228.0,2,6,05/04/2023,228,Delivered,1000
229.0,2,6,06/04/2023,229,Delivered,2500
230.0,2,6,06/04/2023,230,Delivered,1000
231.0,2,6,06/04/2023,231,Delivered,1000
232.0,2,6,06/04/2023,232,Delivered,1500
233.0,2,6,06/04/2023,233,Delivered,800
234.0,2,6,07/04/2023,234,Delivered,1000
235.0,2,6,07/04/2023,235,Delivered,1500
236.0,2,6,07/04/2023,236,Delivered,1500
237.0,2,6,07/04/2023,237,Delivered,1500
238.0,2,6,07/04/2023,238,Delivered,1500
239.0,2,6,08/04/2023,239,Delivered,1500
240.0,2,6,10/04/2023,240,Delivered,1500
241.0,2,6,10/04/2023,241,Delivered,1000
242.0,2,6,10/04/2023,242,Delivered,1500
243.0,2,6,10/04/2023,243,Delivered,1500
244.0,2,6,10/04/2023,244,Delivered,1500
245.0,2,6,10/04/2023,245,Delivered,1000
246.0,2,6,11/04/2023,246,Delivered,1500
247.0,2,6,11/04/2023,247,Delivered,1500
248.0,2,6,11/04/2023,248,Delivered,1500
249.0,2,6,11/04/2023,249,Delivered,1500
250.0,2,6,12/04/2023,250,Delivered,1500
251.0,2,6,12/04/2023,251,Delivered,1000
252.0,2,6,12/04/2023,252,Delivered,1000
253.0,2,6,13/04/2023,253,Delivered,1000
254.0,2,6,13/04/2023,254,Delivered,1500
255.0,2,6,13/04/2023,255,Delivered,1500
256.0,2,6,13/04/2023,256,Delivered,1500
257.0,2,6,13/04/2023,257,Delivered,1500
258.0,2,6,13/04/2023,258,Delivered,1500
259.0,2,6,13/04/2023,259,Delivered,1000
260.0,2,6,14/04/2023,260,Delivered,1500
261.0,2,6,14/04/2023,261,Delivered,1500
262.0,2,6,14/04/2023,262,Delivered,1500
263.0,2,6,14/04/2023,263,Delivered,1000
264.0,2,6,15/04/2023,264,Delivered,1000
265.0,2,6,15/04/2023,265,Delivered,1500
266.0,2,6,15/04/2023,266,Delivered,1000
267.0,2,6,15/04/2023,267,Delivered,1500
268.0,2,6,15/04/2023,268,Delivered,1500
269.0,2,6,15/04/2023,269,Delivered,1500
270.0,2,6,15/04/2023,270,Delivered,1000
271.0,2,6,17/04/2023,271,Delivered,1000
272.0,2,6,17/04/2023,272,Delivered,1500
273.0,2,6,17/04/2023,273,Delivered,1500
274.0,2,6,17/04/2023,274,Delivered,1500
275.0,2,6,17/04/2023,275,Delivered,1000
276.0,2,6,17/04/2023,276,Delivered,1000
277.0,2,6,18/04/2023,277,Delivered,1000
278.0,2,6,18/04/2023,278,Delivered,1500
279.0,2,6,18/04/2023,279,Delivered,1500
280.0,2,6,18/04/2023,280,Delivered,1000
281.0,2,6,18/04/2023,281,Delivered,1500
282.0,2,6,18/04/2023,282,Delivered,1500
283.0,2,6,18/04/2023,283,Delivered,1000
284.0,2,6,18/04/2023,284,Delivered,1500
285.0,2,6,18/04/2023,285,Delivered,1500
286.0,2,6,20/04/2023,286,Delivered,1500
287.0,2,6,20/04/2023,287,Delivered,1500
288.0,2,6,20/04/2023,288,Delivered,1000
289.0,2,6,20/04/2023,289,Delivered,1000
290.0,2,6,21/04/2023,290,Delivered,1500
291.0,2,6,21/04/2023,291,Delivered,1000
292.0,2,1,21/04/2023,292,Delivered,1500
293.0,2,1,21/04/2023,293,Delivered,1500
294.0,2,1,21/04/2023,294,Delivered,1500
295.0,2,1,21/04/2023,295,Delivered,1000
296.0,2,1,21/04/2023,296,Delivered,1000
297.0,2,1,22/04/2023,297,Delivered,1500
298.0,2,1,22/04/2023,298,Delivered,800
299.0,2,1,22/04/2023,299,Delivered,800
300.0,2,1,22/04/2023,300,Delivered,1000
301.0,2,1,22/04/2023,301,Delivered,1000
302.0,2,1,22/04/2023,302,Delivered,1500
303.0,2,1,24/04/2023,303,Delivered,1500
304.0,2,1,24/04/2023,304,Delivered,1000
305.0,2,1,24/04/2023,305,Delivered,1000
306.0,2,1,24/04/2023,306,Delivered,1000
307.0,2,1,24/04/2023,307,Delivered,1000
308.0,2,1,25/04/2023,308,Delivered,1000
309.0,2,1,25/04/2023,309,Delivered,1500
310.0,2,1,25/04/2023,310,Delivered,800
311.0,2,1,25/04/2023,311,Delivered,1500
312.0,2,1,26/04/2023,312,Delivered,1000
313.0,2,1,26/04/2023,313,Delivered,2500
314.0,2,1,26/04/2023,314,Delivered,2300
315.0,2,1,26/04/2023,315,Delivered,1500
316.0,2,1,26/04/2023,316,Delivered,1500
317.0,2,1,26/04/2023,317,Delivered,1800
318.0,2,1,27/04/2023,318,Delivered,1500
319.0,2,1,27/04/2023,319,Delivered,1500
320.0,2,1,28/04/2023,320,Delivered,1000
321.0,2,1,28/04/2023,321,Delivered,1000
322.0,2,1,28/04/2023,322,Delivered,1500
323.0,2,1,28/04/2023,323,Delivered,800
324.0,2,1,28/04/2023,324,Delivered,800
325.0,2,1,28/04/2023,325,Delivered,1500
326.0,2,1,01/05/2023,326,Delivered,2500
327.0,2,1,01/05/2023,327,Delivered,1500
328.0,2,1,01/05/2023,328,Delivered,800
329.0,2,1,01/05/2023,329,Delivered,3000
330.0,2,1,02/05/2023,330,Delivered,1500
331.0,2,1,03/05/2023,331,Delivered,1500
332.0,2,1,03/05/2023,332,Delivered,1500
333.0,2,1,03/05/2023,333,Delivered,1000
334.0,2,1,03/05/2023,334,Delivered,1000
335.0,2,1,04/05/2023,335,Delivered,1500
336.0,2,1,04/05/2023,336,Delivered,800
337.0,2,1,04/05/2023,337,Delivered,1000
338.0,2,1,05/05/2023,338,Delivered,1500
339.0,2,1,05/05/2023,339,Delivered,1500
340.0,2,1,05/05/2023,340,Delivered,1500
341.0,2,1,05/05/2023,341,Delivered,1500
342.0,2,1,05/05/2023,342,Delivered,1500
343.0,2,1,05/05/2023,343,Delivered,1500
344.0,2,1,05/05/2023,344,Delivered,1500
345.0,2,1,06/05/2023,345,Delivered,1500
346.0,2,1,06/05/2023,346,Delivered,1500
347.0,2,1,06/05/2023,347,Delivered,2500
348.0,2,1,06/05/2023,348,Delivered,1800
349.0,2,1,06/05/2023,349,Delivered,2500
350.0,2,1,06/05/2023,350,Delivered,1500
351.0,2,1,08/05/2023,351,Delivered,1500
352.0,2,1,08/05/2023,352,Delivered,1500
353.0,2,1,09/05/2023,353,Delivered,1500
354.0,2,1,09/05/2023,354,Delivered,1600
355.0,2,1,09/05/2023,355,Delivered,1500
356.0,2,1,09/05/2023,356,Delivered,1500
357.0,2,1,10/05/2023,357,Delivered,1500
358.0,2,1,10/05/2023,358,Delivered,1000
359.0,2,1,10/05/2023,359,Delivered,1000
360.0,2,1,11/05/2023,360,Delivered,1600
361.0,2,1,11/05/2023,361,Delivered,1500
362.0,2,1,11/05/2023,362,Delivered,1000
363.0,2,1,11/05/2023,363,Delivered,1500
364.0,2,1,12/05/2023,364,Delivered,1500
365.0,2,1,12/05/2023,365,Delivered,1000
366.0,2,1,12/05/2023,366,Delivered,2500
367.0,2,1,12/05/2023,367,Delivered,2500
368.0,2,1,13/05/2023,368,Delivered,1800
369.0,2,1,15/05/2023,369,Delivered,1500
370.0,2,1,15/05/2023,370,Delivered,1500
371.0,2,1,15/05/2023,371,Delivered,2500
372.0,2,1,15/05/2023,372,Delivered,2500
373.0,2,1,15/05/2023,373,Delivered,1000
374.0,2,1,16/05/2023,374,Delivered,1000
375.0,2,1,16/05/2023,375,Delivered,3000
376.0,2,1,18/05/2023,376,Delivered,800
377.0,2,1,18/05/2023,377,Delivered,1500
378.0,2,1,18/05/2023,378,Delivered,1000
379.0,2,1,19/05/2023,379,Delivered,1500
380.0,2,1,19/05/2023,380,Delivered,800
381.0,2,1,20/05/2023,381,Delivered,1500
382.0,2,1,22/05/2023,382,Delivered,1500
383.0,2,1,22/05/2023,383,Delivered,1000
384.0,2,1,23/05/2023,384,Delivered,1000
385.0,2,1,24/05/2023,385,Delivered,1000
386.0,2,1,24/05/2023,386,Delivered,2500
387.0,2,1,25/05/2023,387,Delivered,1500
388.0,2,1,25/05/2023,388,Delivered,1000
389.0,2,1,26/05/2023,389,Delivered,2500
390.0,2,1,26/05/2023,390,Delivered,800
391.0,2,1,26/05/2023,391,Delivered,2300
392.0,2,1,26/05/2023,392,Delivered,1500
393.0,2,1,27/05/2023,393,Delivered,1500
394.0,2,1,27/05/2023,394,Delivered,1500
395.0,2,1,27/05/2023,395,Delivered,1500
396.0,2,1,27/05/2023,396,Cancelled, -   
397.0,2,1,27/05/2023,397,Delivered,1500
398.0,2,1,29/05/2023,398,Delivered,1000
399.0,2,1,29/05/2023,399,Delivered,1000
400.0,2,1,31/05/2023,400,Delivered,1500
401.0,2,1,01/06/2023,401,Delivered,1500
402.0,2,1,01/06/2023,402,Delivered,1500
403.0,2,1,02/06/2023,403,Delivered,2000
404.0,2,1,02/06/2023,404,Delivered,1500
405.0,2,1,06/06/2023,405,Delivered,1500
406.0,2,1,06/06/2023,406,Delivered,1000
407.0,2,1,07/06/2023,407,Delivered,2000
408.0,2,1,08/06/2023,408,Delivered,1500
409.0,2,1,14/06/2023,409,Delivered,1500
410.0,2,1,14/06/2023,410,Delivered,2000
411.0,2,1,14/06/2023,411,Delivered,2000
412.0,2,1,14/06/2023,412,Delivered,2000
413.0,2,1,16/06/2023,413,Delivered,2000
414.0,2,1,19/06/2023,414,Delivered,2000
415.0,2,1,19/06/2023,415,Delivered,2000
416.0,2,1,19/06/2023,416,Delivered,1500
417.0,2,1,20/06/2023,417,Delivered,1500
418.0,2,1,20/06/2023,418,Delivered,2000
419.0,2,1,20/06/2023,419,Delivered,2000
420.0,2,1,21/06/2023,420,Delivered,2000
421.0,2,1,21/06/2023,421,Delivered,1000
422.0,2,1,22/06/2023,422,Delivered,1500
423.0,2,1,22/06/2023,423,Delivered,2000
424.0,2,1,22/06/2023,424,Delivered,1000
425.0,2,1,23/06/2023,425,Delivered,2000
426.0,2,1,26/06/2023,426,Delivered,1000
427.0,2,1,26/06/2023,427,Delivered,1500
428.0,2,1,26/06/2023,428,Delivered,1500
429.0,2,1,27/06/2023,429,Delivered,1000
430.0,2,1,27/06/2023,430,Delivered,1500
431.0,2,1,28/06/2023,431,Delivered,1000
432.0,2,1,28/06/2023,432,Delivered,1500
433.0,2,1,28/06/2023,433,Delivered,1500
434.0,2,1,29/06/2023,434,Delivered,2000
435.0,2,1,29/06/2023,435,Delivered,2000
436.0,2,1,30/06/2023,436,Delivered,1500
437.0,2,1,30/06/2023,437,Delivered,2000
438.0,2,1,12/07/2023,438,Delivered,1000
439.0,2,1,13/07/2023,439,Delivered,2000
440.0,2,1,15/07/2023,440,Delivered,1000
441.0,2,1,15/07/2023,441,Delivered,2000
442.0,2,1,17/07/2023,442,Delivered,2000
443.0,2,1,17/07/2023,443,Delivered,2000
444.0,2,1,17/07/2023,444,Delivered,1500
445.0,2,1,20/07/2023,445,Delivered,2000
446.0,2,1,20/07/2023,446,Delivered,2000
447.0,2,1,22/07/2023,447,Delivered,2000
448.0,2,1,22/07/2023,448,Delivered,2000
449.0,2,1,24/07/2023,449,Delivered,1500
450.0,2,1,24/07/2023,450,Delivered,2000
451.0,2,1,25/07/2023,451,Delivered,2000
452.0,2,1,25/07/2023,452,Delivered,2000
453.0,2,1,26/07/2023,453,Delivered,2000
454.0,2,1,27/07/2023,454,Delivered,2000
455.0,2,1,28/07/2023,455,Delivered,1000
456.0,2,1,31/07/2023,456,Delivered,2000
457.0,2,1,31/07/2023,457,Delivered,2000
458.0,2,1,31/07/2023,458,Delivered,1000
459.0,2,1,31/07/2023,459,Delivered,1000
460.0,2,1,31/07/2023,460,Delivered,1500
461.0,2,1,01/08/2023,461,Delivered,2000
462.0,2,1,01/08/2023,462,Delivered,1500
463.0,2,1,01/08/2023,463,Delivered,2000
464.0,2,1,01/08/2023,464,Delivered,2000
465.0,2,1,01/08/2023,465,Delivered,2000
466.0,2,1,02/08/2023,466,Delivered,2000
467.0,2,1,03/08/2023,467,Delivered,1000
468.0,2,1,03/08/2023,468,Delivered,2000
469.0,2,1,03/08/2023,469,Delivered,2000
470.0,2,1,04/08/2023,470,Delivered,2000
471.0,2,1,05/08/2023,471,Delivered,2000
472.0,2,1,05/08/2023,472,Delivered,2000
473.0,2,1,09/08/2023,473,Delivered,1000
474.0,2,1,10/08/2023,474,Delivered,2000
475.0,2,1,10/08/2023,475,Delivered,2000
476.0,2,1,18/08/2023,476,Delivered,1000
477.0,2,1,18/08/2023,477,Delivered,2000
478.0,2,1,18/08/2023,478,Delivered,2000
479.0,2,1,19/08/2023,479,Delivered,2000
480.0,2,1,19/08/2023,480,Delivered,1000
481.0,2,1,23/08/2023,481,Delivered,1000
482.0,2,3,23/08/2023,482,Delivered,1000
483.0,2,3,23/08/2023,483,Delivered,1500
484.0,2,3,23/08/2023,484,Delivered,1000
485.0,2,3,23/08/2023,485,Delivered,1500
486.0,2,3,25/08/2023,486,Delivered,2000
487.0,2,3,26/08/2023,487,Delivered,500
488.0,2,3,26/08/2023,488,Delivered,1500
489.0,2,3,26/08/2023,489,Delivered,1500
490.0,2,3,28/08/2023,490,Delivered,2000
491.0,2,3,28/08/2023,491,Delivered,2000
492.0,2,3,02/09/2023,492,Delivered,2000
493.0,2,3,02/09/2023,493,Delivered,1500
494.0,2,3,02/09/2023,494,Delivered,1500
495.0,2,3,05/09/2023,495,Delivered,2000
496.0,2,3,05/09/2023,496,Delivered,2000
497.0,2,3,06/09/2023,497,Delivered,2500
498.0,2,1,06/09/2023,498,Delivered,1500
499.0,2,1,06/09/2023,499,Delivered,2000
500.0,2,1,07/09/2023,500,Delivered,2000
501.0,2,1,07/09/2023,501,Delivered,2000
502.0,2,1,08/09/2023,502,Delivered,1000
503.0,2,1,09/09/2023,503,Delivered,2000
504.0,2,1,09/09/2023,504,Delivered,2000
505.0,2,1,11/09/2023,505,Delivered,1500
506.0,2,5,11/09/2023,506,Delivered,1000
507.0,2,5,11/09/2023,507,Delivered,1500
508.0,2,5,11/09/2023,508,Delivered,2000
509.0,2,5,12/09/2023,509,Delivered,2000
510.0,2,5,13/09/2023,510,Delivered,1500
511.0,2,5,15/09/2023,511,Delivered,2000
512.0,2,5,15/09/2023,512,Delivered,2000
513.0,2,5,16/09/2023,513,Delivered,2000
514.0,2,5,18/09/2023,514,Delivered,2000
515.0,2,5,18/09/2023,515,Delivered,1500
516.0,2,1,18/09/2023,516,Delivered,2000
517.0,2,1,19/09/2023,517,Delivered,1500
518.0,2,1,20/09/2023,518,Delivered,2000
519.0,2,1,20/09/2023,519,Delivered,1500
520.0,2,1,20/09/2023,520,Delivered,1000
521.0,2,1,20/09/2023,521,Delivered,2000
522.0,2,2,20/09/2023,522,Delivered,1500
523.0,2,2,21/09/2023,523,Delivered,2000
524.0,2,2,21/09/2023,524,Delivered,1000
525.0,2,2,21/09/2023,525,Delivered,2000
526.0,2,2,23/09/2023,526,Delivered,1500
527.0,2,2,23/09/2023,527,Delivered,2000
528.0,2,2,26/09/2023,528,Delivered,2000
529.0,2,2,27/09/2023,529,Delivered,1500
530.0,2,2,27/09/2023,530,Delivered,2000
531.0,2,2,27/09/2023,531,Delivered,1000
532.0,2,2,30/09/2023,532,Delivered,2000
533.0,2,2,30/09/2023,533,Delivered,1000
534.0,2,2,30/09/2023,534,Delivered,1500
535.0,2,2,30/09/2023,535,Delivered,2500
536.0,2,2,02/10/2023,536,Delivered,1500
537.0,2,2,02/10/2023,537,Delivered,2000
538.0,2,2,02/10/2023,538,Delivered,2000
539.0,2,2,02/10/2023,539,Delivered,1500
540.0,2,2,02/10/2023,540,Delivered,2000
541.0,2,2,02/10/2023,541,Delivered,1500
542.0,2,4,02/10/2023,542,Delivered,2000
543.0,2,4,03/10/2023,543,Delivered,1000
544.0,2,4,03/10/2023,544,Delivered,1500
545.0,2,4,03/10/2023,545,Delivered,1500
546.0,2,4,04/10/2023,546,Delivered,1000
547.0,2,4,04/10/2023,547,Delivered,2000
548.0,2,4,04/10/2023,548,Delivered,1500
549.0,2,4,04/10/2023,549,Delivered,1500
550.0,2,4,04/10/2023,550,Delivered,1000
551.0,2,5,04/10/2023,551,Cancelled, -   
552.0,41,5,16/02/2023,552,Delivered,1500
553.0,41,5,17/02/2023,553,Delivered,2500
554.0,41,5,24/02/2023,554,Delivered,1000
555.0,41,5,24/02/2023,555,Delivered,1000
556.0,41,5,07/03/2023,556,Delivered,1000
557.0,41,5,09/03/2023,557,Delivered,1000
558.0,41,5,09/03/2023,558,Delivered,1500
559.0,41,5,10/03/2023,559,Delivered,1000
560.0,41,5,10/03/2023,560,Delivered,1000
561.0,41,5,10/03/2023,561,Delivered,1500
562.0,41,5,13/03/2023,562,Delivered,1000
563.0,41,5,13/03/2023,563,Delivered,1500
564.0,41,5,15/03/2023,564,Delivered,1500
565.0,41,5,15/03/2023,565,Delivered,1500
566.0,41,5,16/03/2023,566,Delivered,1000
567.0,41,5,17/03/2023,567,Delivered,1000
568.0,41,5,17/03/2023,568,Delivered,1000
569.0,41,5,17/03/2023,569,Delivered,1500
570.0,41,5,17/03/2023,570,Delivered,1500
571.0,41,5,17/03/2023,571,Delivered,1000
572.0,41,5,17/03/2023,572,Delivered,1000
573.0,41,1,21/03/2023,573,Delivered,1000
574.0,41,2,22/03/2023,574,Delivered,1500
575.0,41,3,23/03/2023,575,Delivered,1000
576.0,41,4,23/03/2023,576,Delivered,1000
577.0,41,5,23/03/2023,577,Delivered,1500
578.0,41,1,23/03/2023,578,Delivered,1500
579.0,41,2,25/03/2023,579,Delivered,2000
580.0,41,3,29/03/2023,580,Delivered,1500
581.0,41,4,30/03/2023,581,Delivered,1000
582.0,41,5,31/03/2023,582,Delivered,1000
583.0,41,1,01/04/2023,583,Delivered,1000
584.0,41,2,01/04/2023,584,Delivered,1500
585.0,41,3,03/04/2023,585,Delivered,1500
586.0,41,4,03/04/2023,586,Delivered,1000
587.0,41,5,04/04/2023,587,Delivered,1000
588.0,41,1,06/04/2023,588,Delivered,1000
589.0,41,2,06/04/2023,589,Delivered,1000
590.0,41,3,06/04/2023,590,Delivered,1500
591.0,41,4,07/04/2023,591,Delivered,1500
592.0,41,5,08/04/2023,592,Delivered,3000
593.0,41,1,08/04/2023,593,Delivered,1000
594.0,41,1,08/04/2023,594,Delivered,2500
595.0,41,1,19/04/2023,595,Delivered,1000
596.0,41,1,19/04/2023,596,Delivered,1500
597.0,41,1,19/04/2023,597,Delivered,1000
598.0,41,1,28/04/2023,598,Delivered,2500
599.0,41,1,28/04/2023,599,Delivered,1000
600.0,41,2,28/04/2023,600,Delivered,1500
601.0,41,3,02/05/2023,601,Delivered,1000
602.0,41,4,02/05/2023,602,Delivered,1500
603.0,41,5,02/05/2023,603,Delivered,1500
604.0,41,5,04/05/2023,604,Delivered,1500
605.0,41,5,04/05/2023,605,Delivered,1000
606.0,41,1,04/05/2023,606,Delivered,1000
607.0,41,2,05/05/2023,607,Delivered,1500
608.0,41,3,05/05/2023,608,Delivered,1500
609.0,41,4,05/05/2023,609,Delivered,1000
610.0,41,5,05/05/2023,610,Delivered,1000
611.0,41,4,05/05/2023,611,Delivered,1000
612.0,41,4,06/05/2023,612,Delivered,1500
613.0,41,4,06/05/2023,613,Delivered,1500
614.0,41,4,06/05/2023,614,Delivered,2000
615.0,41,4,10/05/2023,615,Delivered,2000
616.0,41,4,10/05/2023,616,Delivered,1000
617.0,41,4,11/05/2023,617,Delivered,1500
618.0,41,4,11/05/2023,618,Delivered,2000
619.0,41,4,11/05/2023,619,Delivered,1500
620.0,41,4,11/05/2023,620,Delivered,1000
621.0,41,4,11/05/2023,621,Delivered,1000
622.0,41,4,12/05/2023,622,Delivered,1000
623.0,41,4,12/05/2023,623,Delivered,1000
624.0,41,4,13/05/2023,624,Delivered,2000
625.0,41,4,13/05/2023,625,Delivered,1000
626.0,41,4,13/05/2023,626,Delivered,2500
627.0,41,4,15/05/2023,627,Delivered,2000
628.0,41,4,16/05/2023,628,Delivered,1000
629.0,41,4,16/05/2023,629,Delivered,1000
630.0,41,4,16/05/2023,630,Delivered,1000
631.0,41,4,17/05/2023,631,Delivered,1000
632.0,41,4,17/05/2023,632,Delivered,1000
633.0,41,4,17/05/2023,633,Delivered,1500
634.0,41,4,18/05/2023,634,Delivered,2000
635.0,41,4,20/05/2023,635,Cancelled, -   
636.0,41,4,20/05/2023,636,Delivered,1500
637.0,41,2,23/05/2023,637,Delivered,1500
638.0,41,2,25/05/2023,638,Delivered,1000
639.0,41,2,25/05/2023,639,Delivered,2000
640.0,41,2,25/05/2023,640,Delivered,1000
641.0,41,2,25/05/2023,641,Delivered,1000
642.0,41,2,30/05/2023,642,Delivered,4000
643.0,41,2,01/06/2023,643,Delivered,1500
644.0,41,2,01/06/2023,644,Delivered,1000
645.0,41,2,01/06/2023,645,Delivered,500
646.0,41,2,06/06/2023,646,Delivered,1800
647.0,41,2,06/06/2023,647,Delivered,1500
648.0,41,2,06/06/2023,648,Delivered,2200
649.0,41,2,07/06/2023,649,Delivered,1500
650.0,41,2,09/06/2023,650,Delivered,2500
651.0,41,2,09/06/2023,651,Delivered,1500
652.0,41,2,09/06/2023,652,Delivered,2500
653.0,41,2,09/06/2023,653,Delivered,1000
654.0,41,3,09/06/2023,654,Delivered,1500
655.0,41,3,09/06/2023,655,Delivered,1000
656.0,41,3,10/06/2023,656,Delivered,1500
657.0,41,3,13/06/2023,657,Delivered,1500
658.0,41,3,13/06/2023,658,Delivered,1000
659.0,41,3,13/06/2023,659,Delivered,2000
660.0,41,3,16/06/2023,660,Delivered,1500
661.0,41,3,16/06/2023,661,Delivered,1500
662.0,41,3,19/06/2023,662,Delivered,1500
663.0,41,3,23/06/2023,663,Delivered,2500
664.0,41,3,24/06/2023,664,Delivered,1000
665.0,41,3,24/06/2023,665,Delivered,2000
666.0,41,3,15/07/2023,666,Delivered,1500
667.0,41,3,15/07/2023,667,Delivered,2000
668.0,41,3,19/07/2023,668,Delivered,2000
669.0,41,3,19/07/2023,669,Delivered,2000
670.0,41,3,19/07/2023,670,Delivered,2000
671.0,41,3,19/07/2023,671,Delivered,1500
672.0,41,3,22/07/2023,672,Delivered,2000
673.0,41,3,29/07/2023,673,Delivered,2000
674.0,41,3,29/07/2023,674,Delivered,2000
675.0,41,3,08/08/2023,675,Delivered,1000
676.0,41,3,08/08/2023,676,Delivered,1500
677.0,41,3,09/08/2023,677,Delivered,2000
678.0,41,3,09/08/2023,678,Delivered,1000
679.0,41,3,09/08/2023,679,Delivered,2000
680.0,41,3,09/08/2023,680,Delivered,1500
681.0,41,3,09/08/2023,681,Delivered,2000
682.0,41,3,10/08/2023,682,Delivered,2000
683.0,41,3,10/08/2023,683,Delivered,2000
684.0,41,3,12/08/2023,684,Delivered,1500
685.0,41,1,12/08/2023,685,Delivered,2000
686.0,41,1,12/08/2023,686,Delivered,1500
687.0,41,1,12/08/2023,687,Delivered,1000
688.0,41,1,12/08/2023,688,Delivered,2000
689.0,41,1,12/08/2023,689,Delivered,2000
690.0,41,1,12/08/2023,690,Delivered,2000
691.0,41,1,12/08/2023,691,Delivered,1000
692.0,41,1,17/08/2023,692,Delivered,1500
693.0,41,1,23/08/2023,693,Delivered,2000
694.0,41,1,23/08/2023,694,Delivered,1500
695.0,41,1,23/08/2023,695,Delivered,1500
696.0,41,1,23/08/2023,696,Delivered,1500
697.0,41,1,23/08/2023,697,Delivered,1000
698.0,41,1,23/08/2023,698,Delivered,1000
699.0,41,1,05/09/2023,699,Delivered,1500
700.0,41,1,05/09/2023,700,Delivered,1500
701.0,41,1,05/09/2023,701,Delivered,2000
702.0,41,1,05/09/2023,702,Delivered,1500
703.0,41,1,05/09/2023,703,Delivered,1000
704.0,41,1,06/09/2023,704,Delivered,2000
705.0,41,1,06/09/2023,705,Delivered,1500
706.0,41,1,07/09/2023,706,Delivered,1000
707.0,41,1,07/09/2023,707,Delivered,1500
708.0,41,1,07/09/2023,708,Delivered,1500
709.0,41,1,07/09/2023,709,Delivered,1000
710.0,41,1,08/09/2023,710,Delivered,1000
711.0,41,1,08/09/2023,711,Delivered,2000
712.0,41,1,11/09/2023,712,Delivered,1000
713.0,41,1,11/09/2023,713,Delivered,1000
714.0,41,1,12/09/2023,714,Delivered,1000
715.0,41,1,12/09/2023,715,Delivered,1500
716.0,41,1,13/09/2023,716,Delivered,1000
717.0,41,1,14/09/2023,717,Delivered,1500
718.0,41,1,15/09/2023,718,Delivered,1000
719.0,41,1,15/09/2023,719,Delivered,1500
720.0,41,1,15/09/2023,720,Delivered,1000
721.0,41,1,15/09/2023,721,Delivered,1000
722.0,41,1,15/09/2023,722,Delivered,1500
723.0,41,1,15/09/2023,723,Delivered,1000
724.0,41,1,16/09/2023,724,Delivered,2000
725.0,41,1,16/09/2023,725,Delivered,1500
726.0,41,1,16/09/2023,726,Delivered,3000
727.0,41,1,16/09/2023,727,Delivered,1500
728.0,41,1,16/09/2023,728,Delivered,1500
729.0,41,1,16/09/2023,729,Delivered,1000
730.0,41,1,19/09/2023,730,Delivered,1000
731.0,41,1,19/09/2023,731,Delivered,2000
732.0,41,1,19/09/2023,732,Delivered,1500
733.0,41,1,19/09/2023,733,Delivered,2000
734.0,41,3,19/09/2023,734,Delivered,1000
735.0,41,3,20/09/2023,735,Delivered,1000
736.0,41,3,20/09/2023,736,Delivered,1000
737.0,41,3,20/09/2023,737,Delivered,1000
738.0,41,3,20/09/2023,738,Delivered,1500
739.0,41,3,20/09/2023,739,Delivered,1000
740.0,41,3,20/09/2023,740,Delivered,1500
741.0,41,3,20/09/2023,741,Delivered,1000
742.0,41,3,21/09/2023,742,Delivered,1500
743.0,41,3,21/09/2023,743,Delivered,2000
744.0,41,3,26/09/2023,744,Delivered,2000
745.0,41,3,26/09/2023,745,Delivered,2000
746.0,41,3,26/09/2023,746,Delivered,1500
747.0,41,3,26/09/2023,747,Delivered,1500
748.0,41,3,26/09/2023,748,Delivered,1500
749.0,41,3,26/09/2023,749,Delivered,2000
750.0,41,3,26/09/2023,750,Delivered,1500
751.0,41,3,26/09/2023,751,Delivered,1500
752.0,41,3,28/09/2023,752,Delivered,1500
753.0,41,3,28/09/2023,753,Delivered,1000
754.0,41,3,28/09/2023,754,Delivered,2000
755.0,41,3,28/09/2023,755,Delivered,2000
756.0,41,3,29/09/2023,756,Delivered,1500
757.0,41,3,29/09/2023,757,Delivered,1500
758.0,41,3,29/09/2023,758,Delivered,2000
759.0,41,3,29/09/2023,759,Delivered,2000
760.0,41,3,29/09/2023,760,Delivered,1000
761.0,41,3,29/09/2023,761,Delivered,1000
762.0,41,3,29/09/2023,762,Delivered,1500
763.0,41,3,29/09/2023,763,Delivered,1500
764.0,41,3,29/09/2023,764,Delivered,1500
765.0,41,3,29/09/2023,765,Delivered,1500
766.0,41,3,29/09/2023,766,Delivered,1500
767.0,41,3,29/09/2023,767,Delivered,1500
768.0,41,3,30/09/2023,768,Delivered,1000
769.0,41,3,30/09/2023,769,Delivered,1500
770.0,41,3,30/09/2023,770,Delivered,1500
771.0,41,3,30/09/2023,771,Delivered,2000
772.0,41,3,30/09/2023,772,Delivered,1000
773.0,41,3,30/09/2023,773,Delivered,1000
774.0,41,3,30/09/2023,774,Delivered,2000
775.0,41,3,02/10/2023,775,Delivered,1500
776.0,41,3,02/10/2023,776,Delivered,1500
777.0,41,3,03/10/2023,777,Delivered,1500
778.0,41,3,03/10/2023,778,Delivered,1500
779.0,41,3,03/10/2023,779,Delivered,2000
780.0,41,3,03/10/2023,780,Delivered,1500
781.0,41,3,03/10/2023,781,Delivered,1500
782.0,41,3,03/10/2023,782,Delivered,1000
783.0,41,3,03/10/2023,783,Delivered,1000
784.0,41,3,03/10/2023,784,Delivered,2000
785.0,41,3,03/10/2023,785,Delivered,1500
786.0,41,3,03/10/2023,786,Delivered,1500
787.0,41,3,04/10/2023,787,Delivered,1000
788.0,41,3,04/10/2023,788,Delivered,1000
789.0,41,3,04/10/2023,789,Delivered,1500
790.0,41,3,04/10/2023,790,Delivered,1000
791.0,41,3,04/10/2023,791,Delivered,1500
792.0,41,3,04/10/2023,792,Delivered,1500
793.0,41,3,04/10/2023,793,Delivered,1500
794.0,30,1,07/02/2023,794,Delivered,1000
795.0,30,7,11/02/2023,795,Delivered,1500
796.0,30,7,14/02/2023,796,Delivered,1500
797.0,30,1,27/02/2023,797,Delivered,1000
798.0,30,1,27/02/2023,798,Delivered,1500
799.0,30,7,09/03/2023,799,Delivered,1500
800.0,30,6,10/03/2023,800,Delivered,1500
801.0,30,6,10/03/2023,801,Delivered,1500
802.0,30,6,10/03/2023,802,Delivered,1500
803.0,30,1,11/03/2023,803,Delivered,1500
804.0,30,7,21/03/2023,804,Delivered,1500
805.0,30,1,05/04/2023,805,Delivered,1500
806.0,30,7,06/04/2023,806,Delivered,1500
807.0,30,6,08/04/2023,807,Delivered,1000
808.0,30,2,21/04/2023,808,Delivered,1000
809.0,30,1,27/04/2023,809,Delivered,1000
810.0,30,2,09/05/2023,810,Delivered,1500
811.0,30,7,12/05/2023,811,Delivered,1500
812.0,30,2,26/05/2023,812,Delivered,1500
813.0,30,1,29/05/2023,813,Delivered,1000
814.0,30,1,09/06/2023,814,Delivered,1000
815.0,30,1,09/06/2023,815,Cancelled, -   
816.0,30,2,15/06/2023,816,Delivered,2000
817.0,30,1,19/06/2023,817,Delivered,2000
818.0,30,1,01/07/2023,818,Delivered,1500
819.0,30,1,11/08/2023,819,Delivered,2000
820.0,30,1,21/08/2023,820,Delivered,2000
821.0,30,1,21/08/2023,821,Delivered,1500
822.0,30,1,28/08/2023,822,Delivered,2000
823.0,30,1,31/08/2023,823,Delivered,2000
824.0,30,2,12/09/2023,824,Delivered,1500
825.0,94,1,14/04/2023,825,Delivered,1500
826.0,11,6,26/01/2023,826,Delivered,1500
827.0,11,6,11/02/2023,827,Delivered,2000
828.0,11,7,21/02/2023,828,Delivered,1500
829.0,11,6,22/02/2023,829,Delivered,1500
830.0,11,6,22/02/2023,830,Delivered,1500
831.0,11,6,03/03/2023,831,Delivered,1500
832.0,11,6,07/03/2023,832,Delivered,1500
833.0,11,6,15/03/2023,833,Delivered,3000
834.0,11,6,21/03/2023,834,Delivered,1500
835.0,11,6,22/03/2023,835,Delivered,1500
836.0,11,2,16/04/2023,836,Delivered,1500
837.0,11,6,09/05/2023,837,Delivered,7000
838.0,11,1,19/05/2023,838,Delivered,1500
839.0,11,2,22/05/2023,839,Delivered,1500
840.0,11,2,25/05/2023,840,Delivered,1500
841.0,11,2,25/05/2023,841,Delivered,1500
842.0,11,2,25/05/2023,842,Delivered,1500
843.0,11,1,30/05/2023,843,Delivered,4000
844.0,11,2,01/06/2023,844,Free, -   
845.0,11,1,09/06/2023,845,Delivered,2000
846.0,11,1,10/07/2023,846,Delivered,2000
847.0,11,1,10/07/2023,847,Delivered,2000
848.0,11,1,09/09/2023,848,Delivered,2000
849.0,11,1,14/09/2023,849,Delivered,2000
850.0,11,1,03/10/2023,850,Delivered,2000
851.0,206,1,08/08/2023,851,Delivered,2000
852.0,206,1,26/08/2023,852,Delivered,1500
853.0,206,1,30/09/2023,853,Delivered,1500
854.0,4,7,05/01/2023,854,Delivered,1000
855.0,4,6,16/01/2023,855,Delivered,1000
856.0,4,6,23/01/2023,856,Delivered,1000
857.0,4,1,26/01/2023,857,Delivered,1000
858.0,4,6,30/01/2023,858,Delivered,1000
859.0,4,7,08/02/2023,859,Delivered,1500
860.0,4,6,10/02/2023,860,Delivered,1500
861.0,4,2,07/03/2023,861,Delivered,1500
862.0,4,1,08/03/2023,862,Delivered,1500
863.0,4,1,11/03/2023,863,Delivered,1000
864.0,4,1,11/03/2023,864,Delivered,1500
865.0,4,6,27/03/2023,865,Delivered,1500
866.0,4,2,01/04/2023,866,Delivered,1500
867.0,4,1,01/04/2023,867,Delivered,1500
868.0,4,1,08/04/2023,868,Delivered,1500
869.0,4,1,08/04/2023,869,Delivered,1500
870.0,4,1,12/04/2023,870,Delivered,1500
871.0,4,1,14/04/2023,871,Delivered,1500
872.0,4,6,14/04/2023,872,Delivered,1500
873.0,4,2,27/04/2023,873,Delivered,1000
874.0,4,7,02/05/2023,874,Delivered,1000
875.0,4,1,02/05/2023,875,Delivered,1000
876.0,4,7,12/05/2023,876,Delivered,1000
877.0,4,1,12/05/2023,877,Delivered,1000
878.0,4,1,12/06/2023,878,Delivered,1000
879.0,4,1,27/06/2023,879,Delivered,1500
880.0,4,2,06/07/2023,880,Delivered,1500
881.0,4,1,07/07/2023,881,Delivered,1000
882.0,4,1,11/07/2023,882,Delivered,1000
883.0,4,1,11/07/2023,883,Delivered,1500
884.0,4,1,14/07/2023,884,Delivered,1000
885.0,4,1,17/07/2023,885,Delivered,1000
886.0,4,2,26/07/2023,886,Delivered,1000
887.0,4,1,28/07/2023,887,Delivered,1500
888.0,4,1,29/07/2023,888,Delivered,1500
889.0,4,1,03/08/2023,889,Delivered,1000
890.0,4,1,04/08/2023,890,Delivered,1000
891.0,4,1,04/08/2023,891,Delivered,1000
892.0,4,1,08/08/2023,892,Delivered,1000
893.0,4,2,08/09/2023,893,Delivered,1500
894.0,4,1,23/09/2023,894,Delivered,1000
895.0,4,1,30/09/2023,895,Delivered,1500
896.0,60,6,20/03/2023,896,Delivered,1500
897.0,158,7,03/06/2023,897,Delivered,1500
898.0,158,1,09/06/2023,898,Delivered,1500
899.0,158,1,14/07/2023,899,Delivered,1000
900.0,158,1,08/08/2023,900,Delivered,2000
901.0,158,1,28/08/2023,901,Delivered,1500
902.0,158,1,04/10/2023,902,Delivered,1500
903.0,6,6,21/01/2023,903,Delivered,1000
904.0,6,7,22/01/2023,904,Delivered,1000
905.0,6,6,24/01/2023,905,Delivered,2000
906.0,6,6,26/01/2023,906,Delivered,1500
907.0,6,6,30/01/2023,907,Delivered,3000
908.0,6,6,02/02/2023,908,Delivered,1500
909.0,6,6,03/02/2023,909,Delivered,1500
910.0,6,1,03/02/2023,910,Delivered,1500
911.0,6,6,09/02/2023,911,Delivered,1500
912.0,6,6,11/02/2023,912,Delivered,1500
913.0,6,6,14/02/2023,913,Delivered,1500
914.0,6,6,15/02/2023,914,Delivered,1500
915.0,6,6,16/02/2023,915,Delivered,1500
916.0,6,6,16/02/2023,916,Delivered,1500
917.0,6,6,17/02/2023,917,Delivered,1500
918.0,6,1,20/02/2023,918,Delivered,1500
919.0,6,1,24/02/2023,919,Delivered,1500
920.0,6,1,28/02/2023,920,Delivered,1500
921.0,6,6,06/03/2023,921,Delivered,1500
922.0,6,6,10/03/2023,922,Delivered,1500
923.0,6,6,15/03/2023,923,Delivered,1500
924.0,6,1,26/03/2023,924,Delivered,1500
925.0,6,7,27/03/2023,925,Delivered,1500
926.0,6,1,28/03/2023,926,Delivered,1500
927.0,6,6,30/03/2023,927,Delivered,1500
928.0,6,1,01/04/2023,928,Delivered,1500
929.0,6,7,03/04/2023,929,Delivered,1500
930.0,6,1,04/04/2023,930,Delivered,1500
931.0,6,7,08/04/2023,931,Delivered,1500
932.0,6,6,13/04/2023,932,Delivered,1500
933.0,6,6,13/04/2023,933,Delivered,1500
934.0,6,6,20/04/2023,934,Delivered,1500
935.0,6,1,23/04/2023,935,Delivered,1500
936.0,6,7,26/04/2023,936,Delivered,1500
937.0,6,7,28/04/2023,937,Delivered,1500
938.0,6,6,06/05/2023,938,Delivered,1500
939.0,6,2,08/05/2023,939,Delivered,1500
940.0,6,7,11/05/2023,940,Delivered,1500
941.0,6,2,23/05/2023,941,Delivered,1500
942.0,6,2,26/05/2023,942,Delivered,3000
943.0,6,2,29/05/2023,943,Delivered,1500
944.0,6,2,29/05/2023,944,Delivered,1500
945.0,6,1,30/05/2023,945,Delivered,5000
946.0,6,2,30/05/2023,946,Delivered,1000
947.0,6,7,03/06/2023,947,Delivered,2000
948.0,6,1,05/06/2023,948,Delivered,1500
949.0,6,2,07/06/2023,949,Delivered,2000
950.0,6,1,10/06/2023,950,Delivered,1500
951.0,6,1,10/06/2023,951,Delivered,1500
952.0,6,1,17/06/2023,952,Delivered,2000
953.0,6,1,03/07/2023,953,Delivered,2000
954.0,6,2,07/09/2023,954,Delivered,2000
955.0,6,1,03/10/2023,955,Delivered,2000
956.0,143,1,20/06/2023,956,Delivered,1500
957.0,15,6,01/02/2023,957,Delivered,1500
958.0,15,7,06/02/2023,958,Delivered,1500
959.0,15,7,06/02/2023,959,Delivered,1500
960.0,15,1,30/05/2023,960,Delivered,2000
961.0,15,1,11/07/2023,961,Delivered,1500
962.0,15,1,11/07/2023,962,Delivered,2000
963.0,15,2,12/07/2023,963,Delivered,1500
964.0,15,1,19/07/2023,964,Delivered,1500
965.0,15,2,04/08/2023,965,Delivered,2000
966.0,15,1,30/08/2023,966,Delivered,2000
967.0,15,2,02/09/2023,967,Delivered,1500
968.0,15,1,05/09/2023,968,Delivered,1500
969.0,15,1,05/09/2023,969,Delivered,2000
970.0,176,1,26/07/2023,970,Delivered,2000
971.0,181,2,29/07/2023,971,Delivered,2000
972.0,181,1,21/08/2023,972,Delivered,2000
973.0,181,1,21/08/2023,973,Delivered,2000
974.0,193,2,26/04/2023,974,Delivered,1000
975.0,193,1,18/07/2023,975,Delivered,2000
976.0,193,2,22/07/2023,976,Delivered,1500
977.0,193,1,05/08/2023,977,Delivered,1500
978.0,193,1,14/08/2023,978,Delivered,2000
979.0,193,1,28/09/2023,979,Delivered,2000
980.0,48,7,23/01/2023,980,Delivered,1000
981.0,48,7,26/01/2023,981,Delivered,1000
982.0,48,6,28/01/2023,982,Delivered,1500
983.0,48,7,31/01/2023,983,Delivered,1500
984.0,48,7,08/02/2023,984,Delivered,1500
985.0,48,6,05/03/2023,985,Delivered,1600
986.0,48,7,18/05/2023,986,Delivered,1000
987.0,48,7,20/05/2023,987,Delivered,1500
988.0,48,6,09/06/2023,988,Delivered,1500
989.0,48,7,02/07/2023,989,Delivered,1000
990.0,48,7,19/07/2023,990,Delivered,2000
991.0,48,6,15/09/2023,991,Delivered,1500
992.0,222,6,02/02/2023,992,Delivered,1500
993.0,222,7,04/02/2023,993,Delivered,1500
994.0,222,1,13/02/2023,994,Delivered,1500
995.0,222,1,28/02/2023,995,Delivered,1000
996.0,222,6,27/03/2023,996,Delivered,1500
997.0,222,1,28/03/2023,997,Delivered,1500
998.0,222,6,29/03/2023,998,Delivered,1500
999.0,222,1,29/03/2023,999,Delivered,1500
1000.0,222,6,31/03/2023,1000,Delivered,1500
1001.0,222,1,02/04/2023,1001,Delivered,1500
1002.0,222,1,03/04/2023,1002,Delivered,1500
1003.0,222,1,07/04/2023,1003,Delivered,1500
1004.0,222,7,10/04/2023,1004,Delivered,1000
1005.0,222,1,12/04/2023,1005,Delivered,1450
1006.0,222,6,14/04/2023,1006,Delivered,1000
1007.0,222,1,14/04/2023,1007,Delivered,1500
1008.0,222,6,14/04/2023,1008,Delivered,1000
1009.0,222,7,15/04/2023,1009,Delivered,2000
1010.0,222,2,16/04/2023,1010,Delivered,1000
1011.0,222,1,17/04/2023,1011,Delivered,1500
1012.0,222,7,27/04/2023,1012,Delivered,3500
1013.0,222,7,28/04/2023,1013,Delivered,2000
1014.0,222,1,02/05/2023,1014,Delivered,1000
1015.0,222,1,08/05/2023,1015,Delivered,3000
1016.0,222,6,09/05/2023,1016,Delivered,1000
1017.0,222,2,10/05/2023,1017,Delivered,2500
1018.0,222,2,17/05/2023,1018,Delivered,1000
1019.0,222,1,18/05/2023,1019,Delivered,1000
1020.0,222,2,20/05/2023,1020,Delivered,1000
1021.0,222,1,30/05/2023,1021,cancelled, -   
1022.0,222,2,07/06/2023,1022,Delivered,1500
1023.0,222,1,08/06/2023,1023,Delivered,2000
1024.0,222,1,15/06/2023,1024,Delivered,1500
1025.0,222,2,16/06/2023,1025,Delivered,2000
1026.0,141,1,17/06/2023,1026,Delivered,1000
1027.0,141,1,23/06/2023,1027,Delivered,2000
1028.0,141,1,23/06/2023,1028,Delivered,1500
1029.0,141,2,23/06/2023,1029,Delivered,1500
1030.0,141,1,27/06/2023,1030,Delivered,1000
1031.0,141,2,01/07/2023,1031,Delivered,1500
1032.0,113,2,03/07/2023,1032,Delivered,2000
1033.0,113,1,15/07/2023,1033,Delivered,2000
1034.0,113,1,15/07/2023,1034,Delivered,1500
1035.0,113,1,15/07/2023,1035,Delivered,2000
1036.0,113,2,17/07/2023,1036,Delivered,2000
1037.0,113,1,07/08/2023,1037,Delivered,2000
1038.0,113,1,22/08/2023,1038,Delivered,2000
1039.0,113,1,13/09/2023,1039,Delivered,1500
1040.0,113,1,22/09/2023,1040,Delivered,1000
1041.0,113,2,01/10/2023,1041,Delivered,2000
1042.0,113,1,04/10/2023,1042,Delivered,1500
1043.0,113,1,04/10/2023,1043,Delivered,1500
1044.0,113,1,04/10/2023,1044,Delivered,1000
1045.0,63,7,25/01/2023,1045,Delivered,1500
1046.0,63,1,02/02/2023,1046,Delivered,1500
1047.0,63,1,03/02/2023,1047,Delivered,1500
1048.0,63,1,07/02/2023,1048,Delivered,1500
1049.0,63,1,07/02/2023,1049,Delivered,1500
1050.0,63,1,09/02/2023,1050,Delivered,1500
1051.0,63,1,09/02/2023,1051,Delivered,1000
1052.0,63,7,10/02/2023,1052,Delivered,1500
1053.0,63,1,10/02/2023,1053,Delivered,1500
1054.0,63,7,11/02/2023,1054,Delivered,1500
1055.0,63,6,13/02/2023,1055,Delivered,1500
1056.0,63,1,14/02/2023,1056,Delivered,1500
1057.0,63,7,15/02/2023,1057,Delivered,1500
1058.0,63,6,15/02/2023,1058,Delivered,1500
1059.0,63,1,16/02/2023,1059,Delivered,1500
1060.0,63,1,17/02/2023,1060,Delivered,1500
1061.0,63,1,23/02/2023,1061,Delivered,3000
1062.0,63,1,04/03/2023,1062,Delivered,2500
1063.0,63,6,07/03/2023,1063,Delivered,1500
1064.0,63,1,09/03/2023,1064,Delivered,1500
1065.0,63,6,10/03/2023,1065,Delivered,1000
1066.0,63,6,11/03/2023,1066,Delivered,1500
1067.0,63,6,11/03/2023,1067,Delivered,1500
1068.0,63,1,17/03/2023,1068,Delivered,1500
1069.0,63,1,17/03/2023,1069,Delivered,1500
1070.0,63,6,22/03/2023,1070,Delivered,1500
1071.0,63,6,22/03/2023,1071,Delivered,1500
1072.0,63,6,23/03/2023,1072,Delivered,1500
1073.0,63,2,24/03/2023,1073,Delivered,1500
1074.0,63,2,24/03/2023,1074,Delivered,1500
1075.0,63,1,25/03/2023,1075,Delivered,1500
1076.0,63,2,26/03/2023,1076,Delivered,1000
1077.0,63,6,29/03/2023,1077,Delivered,1500
1078.0,63,6,30/03/2023,1078,Delivered,1500
1079.0,63,1,01/04/2023,1079,Delivered,1500
1080.0,63,7,03/04/2023,1080,Delivered,1500
1081.0,63,7,03/04/2023,1081,Delivered,1500
1082.0,63,6,04/04/2023,1082,Delivered,1500
1083.0,63,1,07/04/2023,1083,Delivered,1000
1084.0,63,1,07/04/2023,1084,Delivered,2000
1085.0,63,7,08/04/2023,1085,Delivered,1500
1086.0,63,1,08/04/2023,1086,Delivered,1500
1087.0,63,1,10/04/2023,1087,Delivered,1500
1088.0,63,6,12/04/2023,1088,Delivered,2500
1089.0,63,7,12/04/2023,1089,Delivered,1000
1090.0,63,6,12/04/2023,1090,Delivered,1000
1091.0,63,1,14/04/2023,1091,Delivered,1500
1092.0,63,1,14/04/2023,1092,Delivered,1500
1093.0,63,1,15/04/2023,1093,Delivered,1500
1094.0,63,1,18/04/2023,1094,Delivered,1000
1095.0,63,2,21/04/2023,1095,Delivered,1500
1096.0,63,6,21/04/2023,1096,Delivered,1500
1097.0,63,1,24/04/2023,1097,Delivered,1500
1098.0,63,1,24/04/2023,1098,Delivered,1500
1099.0,63,6,24/04/2023,1099,Delivered,1500
1100.0,63,6,24/04/2023,1100,Delivered,1500
1101.0,63,1,25/04/2023,1101,Delivered,1500
1102.0,63,1,25/04/2023,1102,Delivered,1500
1103.0,182,1,25/04/2023,1103,Delivered,1000
1104.0,182,1,29/04/2023,1104,Delivered,1000
1105.0,182,1,29/04/2023,1105,Delivered,1500
1106.0,182,1,02/05/2023,1106,Delivered,1500
1107.0,182,7,02/05/2023,1107,Delivered,1500
1108.0,182,7,02/05/2023,1108,Delivered,1500
1109.0,182,6,02/05/2023,1109,Delivered,1500
1110.0,182,6,06/05/2023,1110,Delivered,2000
1111.0,182,1,08/05/2023,1111,Delivered,1500
1112.0,182,1,11/05/2023,1112,Delivered,1500
1113.0,182,1,12/05/2023,1113,Delivered,1500
1114.0,182,1,13/05/2023,1114,Delivered,1000
1115.0,182,1,15/05/2023,1115,Delivered,1500
1116.0,182,1,17/05/2023,1116,Delivered,1500
1117.0,182,1,17/05/2023,1117,Delivered,1500
1118.0,182,1,19/05/2023,1118,Delivered,1500
1119.0,182,1,19/05/2023,1119,Delivered,1500
1120.0,22,1,23/05/2023,1120,Delivered,1000
1121.0,22,2,23/05/2023,1121,Delivered,1500
1122.0,22,2,23/05/2023,1122,Delivered,1500
1123.0,22,1,24/05/2023,1123,Delivered,2500
1124.0,22,1,26/05/2023,1124,Delivered,1500
1125.0,22,1,26/05/2023,1125,Delivered,1500
1126.0,22,1,26/05/2023,1126,Delivered,1000
1127.0,22,1,27/05/2023,1127,Delivered,1500
1128.0,22,1,29/05/2023,1128,Delivered,1500
1129.0,22,1,30/05/2023,1129,Delivered,2000
1130.0,22,7,03/06/2023,1130,Delivered,2000
1131.0,22,1,13/06/2023,1131,Delivered,2000
1132.0,22,2,16/06/2023,1132,Delivered,1500
1133.0,150,1,22/06/2023,1133,Delivered,1500
1134.0,150,1,27/06/2023,1134,Delivered,1500
1135.0,150,2,01/07/2023,1135,Delivered,1500
1136.0,150,1,31/07/2023,1136,Delivered,1500
1137.0,150,1,01/08/2023,1137,Delivered,2000
1138.0,46,1,02/08/2023,1138,Delivered,2500
1139.0,46,1,03/08/2023,1139,Delivered,1500
1140.0,46,1,11/08/2023,1140,Delivered,2000
1141.0,46,2,17/08/2023,1141,Delivered,2000
1142.0,46,1,21/08/2023,1142,Delivered,2000
1143.0,46,1,22/08/2023,1143,Delivered,2000
1144.0,46,1,23/08/2023,1144,Delivered,2000
1145.0,46,1,24/08/2023,1145,Delivered,2000
1146.0,46,1,29/08/2023,1146,Delivered,2000
1147.0,46,2,06/09/2023,1147,Delivered,2000
1148.0,46,2,06/09/2023,1148,Delivered,2000
1149.0,46,1,07/09/2023,1149,Delivered,1000
1150.0,46,1,08/09/2023,1150,Delivered,1500
1151.0,46,1,09/09/2023,1151,Delivered,1500
1152.0,46,1,09/09/2023,1152,Delivered,1500
1153.0,46,1,09/09/2023,1153,Delivered,1500
1154.0,46,1,09/09/2023,1154,Delivered,2000
1155.0,46,2,13/09/2023,1155,Delivered,1500
1156.0,53,2,15/09/2023,1156,Delivered,2000
1157.0,53,1,18/09/2023,1157,Delivered,2000
1158.0,53,1,19/09/2023,1158,Delivered,1500
1159.0,53,1,21/09/2023,1159,Delivered,1500
1160.0,53,2,21/09/2023,1160,Delivered,2000
1161.0,53,1,22/09/2023,1161,Delivered,1000
1162.0,53,1,22/09/2023,1162,Delivered,1500
1163.0,53,1,23/09/2023,1163,Delivered,2000
1164.0,53,1,27/09/2023,1164,Delivered,1500
1165.0,53,1,28/09/2023,1165,Delivered,1500
1166.0,53,1,29/09/2023,1166,Delivered,1500
1167.0,53,1,29/09/2023,1167,Delivered,1500
1168.0,53,1,30/09/2023,1168,Delivered,1500
1169.0,115,7,01/02/2023,1169,Delivered,1500
1170.0,115,1,10/03/2023,1170,Delivered,1500
1171.0,115,1,10/03/2023,1171,Delivered,1500
1172.0,115,7,13/03/2023,1172,Delivered,1500
1173.0,115,1,14/03/2023,1173,Delivered,1500
1174.0,115,1,15/03/2023,1174,Delivered,1000
1175.0,115,2,17/03/2023,1175,Delivered,1500
1176.0,115,1,17/03/2023,1176,Delivered,1500
1177.0,16,1,21/03/2023,1177,Delivered,1500
1178.0,16,7,22/03/2023,1178,Delivered,1500
1179.0,16,7,22/03/2023,1179,Delivered,1500
1180.0,16,7,22/03/2023,1180,Delivered,1500
1181.0,16,7,22/03/2023,1181,Delivered,1500
1182.0,16,7,22/03/2023,1182,Delivered,2000
1183.0,16,7,22/03/2023,1183,Delivered,1500
1184.0,16,6,23/03/2023,1184,Delivered,1500
1185.0,16,6,24/03/2023,1185,Delivered,1500
1186.0,16,7,25/03/2023,1186,Delivered,1500
1187.0,16,7,29/03/2023,1187,Delivered,1500
1188.0,16,6,31/03/2023,1188,Delivered,1500
1189.0,16,1,01/04/2023,1189,Delivered,1500
1190.0,16,6,03/04/2023,1190,Delivered,1500
1191.0,16,1,04/04/2023,1191,Delivered,1500
1192.0,16,6,05/04/2023,1192,Delivered,1500
1193.0,16,6,08/04/2023,1193,Delivered,1500
1194.0,16,1,10/04/2023,1194,Delivered,1500
1195.0,16,1,11/04/2023,1195,Delivered,1500
1196.0,16,1,14/04/2023,1196,Delivered,1000
1197.0,16,1,15/04/2023,1197,Delivered,1500
1198.0,16,1,15/04/2023,1198,Delivered,1500
1199.0,16,6,17/04/2023,1199,Delivered,2500
1200.0,16,1,26/04/2023,1200,Delivered,1500
1201.0,16,1,27/04/2023,1201,Delivered,2500
1202.0,16,6,27/04/2023,1202,Delivered,1500
1203.0,16,6,29/04/2023,1203,Delivered,1000
1204.0,16,1,29/04/2023,1204,Delivered,1500
1205.0,16,6,29/04/2023,1205,Delivered,1500
1206.0,16,1,01/05/2023,1206,Delivered,1500
1207.0,16,7,04/05/2023,1207,Delivered,1500
1208.0,16,1,04/05/2023,1208,Delivered,1500
1209.0,16,6,05/05/2023,1209,Delivered,1500
1210.0,16,7,06/05/2023,1210,Delivered,1500
1211.0,16,1,09/05/2023,1211,Delivered,1000
1212.0,16,1,10/05/2023,1212,Delivered,1500
1213.0,16,1,12/05/2023,1213,Delivered,1500
1214.0,16,1,20/05/2023,1214,cancelled, -   
1215.0,16,1,20/05/2023,1215,Delivered,1000
1216.0,16,1,22/05/2023,1216,Delivered,2000
1217.0,16,1,24/05/2023,1217,Delivered,1500
1218.0,16,1,26/05/2023,1218,Delivered,1500
1219.0,16,1,26/05/2023,1219,Delivered,1500
1220.0,16,1,29/05/2023,1220,Delivered,1500
1221.0,16,1,03/06/2023,1221,Delivered,2000
1222.0,16,2,03/06/2023,1222,Delivered,2500
1223.0,16,2,06/06/2023,1223,Delivered,3000
1224.0,50,1,06/06/2023,1224,Delivered,1500
1225.0,50,1,10/06/2023,1225,Delivered,2000
1226.0,50,1,13/06/2023,1226,Delivered,2000
1227.0,50,1,13/06/2023,1227,Delivered,1500
1228.0,16,2,14/06/2023,1228,Delivered,1500
1229.0,16,1,20/06/2023,1229,Delivered,2000
1230.0,16,1,20/06/2023,1230,Delivered,1500
1231.0,16,1,05/07/2023,1231,Delivered,2000
1232.0,16,1,06/07/2023,1232,Delivered,2000
1233.0,16,1,06/07/2023,1233,Delivered,2000
1234.0,16,1,08/07/2023,1234,Delivered,2000
1235.0,16,2,11/07/2023,1235,Delivered,2000
1236.0,16,1,26/07/2023,1236,Delivered,2000
1237.0,16,1,27/07/2023,1237,Delivered,2000
1238.0,16,1,02/08/2023,1238,Delivered,1500
1239.0,16,1,07/08/2023,1239,Delivered,2000
1240.0,16,1,10/08/2023,1240,Delivered,2000
1241.0,16,1,11/08/2023,1241,Delivered,1500
1242.0,16,1,11/08/2023,1242,Delivered,1000
1243.0,16,1,11/08/2023,1243,cancelled, -   
1244.0,16,1,11/08/2023,1244,Delivered,2000
1245.0,16,1,16/08/2023,1245,Delivered,1000
1246.0,16,1,16/08/2023,1246,Delivered,2000
1247.0,16,2,17/08/2023,1247,Delivered,1800
1248.0,16,1,17/08/2023,1248,cancelled, -   
1249.0,16,1,18/08/2023,1249,Delivered,3400
1250.0,16,1,18/08/2023,1250,Delivered,2000
1251.0,16,2,19/08/2023,1251,Delivered,2000
1252.0,16,2,19/08/2023,1252,Delivered,2000
1253.0,16,1,19/08/2023,1253,Delivered,2000
1254.0,16,1,23/08/2023,1254,Delivered,2000
1255.0,16,1,30/08/2023,1255,Delivered,2000
1256.0,16,2,31/08/2023,1256,Delivered,2000
1257.0,16,1,05/09/2023,1257,Delivered,2000
1258.0,16,1,09/09/2023,1258,Delivered,2000
1259.0,16,1,16/09/2023,1259,Delivered,2000
1260.0,16,1,29/09/2023,1260,cancelled, -   
1261.0,16,1,30/09/2023,1261,Delivered,2000
1262.0,146,6,10/02/2023,1262,Delivered,1500
1263.0,146,1,15/02/2023,1263,Delivered,1500
1264.0,146,1,28/02/2023,1264,Delivered,1500
1265.0,146,6,01/03/2023,1265,Delivered,1500
1266.0,146,1,06/03/2023,1266,Delivered,1500
1267.0,146,1,07/03/2023,1267,Delivered,1500
1268.0,146,1,08/03/2023,1268,Delivered,1500
1269.0,146,7,21/03/2023,1269,Delivered,1500
1270.0,139,2,23/03/2023,1270,Delivered,1000
1271.0,139,7,24/03/2023,1271,Delivered,2000
1272.0,139,7,27/03/2023,1272,Delivered,1000
1273.0,139,7,01/04/2023,1273,Delivered,1500
1274.0,139,6,03/04/2023,1274,Delivered,1500
1275.0,139,7,04/04/2023,1275,Delivered,1000
1276.0,139,1,08/04/2023,1276,Delivered,1500
1277.0,128,1,08/04/2023,1277,Delivered,1500
1278.0,128,6,11/04/2023,1278,Delivered,1500
1279.0,128,6,11/04/2023,1279,Delivered,1500
1280.0,128,7,13/04/2023,1280,Delivered,1500
1281.0,128,6,15/04/2023,1281,Delivered,1500
1282.0,128,1,17/04/2023,1282,Delivered,3000
1283.0,128,7,20/04/2023,1283,Delivered,1500
1284.0,128,1,27/04/2023,1284,Delivered,1500
1285.0,128,1,27/04/2023,1285,Delivered,1000
1286.0,128,6,29/04/2023,1286,Delivered,1500
1287.0,128,2,02/05/2023,1287,Delivered,1500
1288.0,128,2,05/05/2023,1288,Delivered,1500
1289.0,128,2,05/05/2023,1289,Delivered,1000
1290.0,128,1,11/05/2023,1290,Delivered,1500
1291.0,128,1,19/05/2023,1291,Delivered,1000
1292.0,128,1,24/05/2023,1292,cancelled, -   
1293.0,128,1,06/06/2023,1293,Delivered,1500
1294.0,128,2,12/06/2023,1294,Delivered,1500
1295.0,128,2,19/06/2023,1295,Delivered,1500
1296.0,128,2,21/06/2023,1296,Delivered,1500
1297.0,128,1,21/06/2023,1297,Delivered,2000
1298.0,128,1,22/06/2023,1298,Delivered,2000
1299.0,128,1,23/06/2023,1299,Delivered,2000
1300.0,128,1,23/06/2023,1300,Delivered,2000
1301.0,128,2,24/06/2023,1301,Delivered,2000
1302.0,128,2,24/06/2023,1302,Delivered,1000
1303.0,128,2,26/06/2023,1303,Delivered,1500
1304.0,44,2,13/07/2023,1304,Delivered,1500
1305.0,44,2,19/07/2023,1305,Delivered,1500
1306.0,44,1,21/07/2023,1306,Delivered,1000
1307.0,44,1,26/07/2023,1307,Delivered,1500
1308.0,44,1,02/08/2023,1308,Delivered,1500
1309.0,44,1,12/08/2023,1309,Delivered,1500
1310.0,44,1,15/08/2023,1310,Delivered,1500
1311.0,44,1,16/08/2023,1311,Delivered,1500
1312.0,44,2,30/08/2023,1312,Delivered,1500
1313.0,44,2,30/08/2023,1313,Delivered,1500
1314.0,44,1,13/09/2023,1314,Delivered,1000
1315.0,44,1,16/09/2023,1315,Delivered,2000
1316.0,44,1,16/09/2023,1316,Delivered,2000
1317.0,44,1,18/09/2023,1317,Delivered,1500
1318.0,44,1,23/09/2023,1318,Delivered,1500
1319.0,44,1,02/10/2023,1319,Delivered,2000
1320.0,44,1,02/10/2023,1320,Delivered,1500
1321.0,44,1,02/10/2023,1321,Delivered,1000
1322.0,130,2,24/01/2023,1322,Delivered,1000
1323.0,130,3,24/01/2023,1323,Delivered,1000
1324.0,130,4,24/01/2023,1324,Delivered,1000
1325.0,130,5,25/01/2023,1325,Delivered,1000
1326.0,130,2,25/01/2023,1326,Delivered,1000
1327.0,130,3,25/01/2023,1327,Delivered,1000
1328.0,130,4,25/01/2023,1328,Delivered,1000
1329.0,9,5,25/01/2023,1329,Delivered,1500
1330.0,9,4,28/01/2023,1330,Delivered,1500
1331.0,9,5,30/01/2023,1331,Delivered,1000
1332.0,9,4,30/01/2023,1332,Delivered,1500
1333.0,9,5,30/01/2023,1333,Delivered,1500
1334.0,9,4,02/02/2023,1334,Delivered,1500
1335.0,9,5,07/02/2023,1335,Delivered,1500
1336.0,9,4,07/02/2023,1336,Delivered,1500
1337.0,9,5,09/02/2023,1337,Delivered,1500
1338.0,9,4,11/02/2023,1338,Delivered,6000
1339.0,9,5,11/02/2023,1339,Delivered,4000
1340.0,9,4,13/02/2023,1340,Delivered,15000
1341.0,9,5,14/02/2023,1341,Delivered,1500
1342.0,9,4,17/02/2023,1342,Delivered,1500
1343.0,9,5,20/02/2023,1343,Delivered,4000
1344.0,9,4,21/02/2023,1344,Delivered,1000
1345.0,9,5,23/02/2023,1345,Delivered,1000
1346.0,9,4,28/02/2023,1346,Delivered,1500
1347.0,9,5,01/03/2023,1347,Delivered,1500
1348.0,9,2,01/03/2023,1348,Delivered,1000
1349.0,9,3,02/03/2023,1349,Delivered,1000
1350.0,9,4,03/03/2023,1350,Delivered,1000
1351.0,9,5,04/03/2023,1351,Delivered,1000
1352.0,9,4,04/03/2023,1352,Delivered,1500
1353.0,9,5,06/03/2023,1353,Delivered,1000
1354.0,9,4,08/03/2023,1354,Delivered,1000
1355.0,9,5,11/03/2023,1355,Delivered,1500
1356.0,9,4,13/03/2023,1356,Delivered,4500
1357.0,9,5,15/03/2023,1357,Delivered,1500
1358.0,9,4,16/03/2023,1358,Delivered,3000
1359.0,9,5,25/03/2023,1359,Delivered,5000
1360.0,9,4,27/03/2023,1360,Delivered,2500
1361.0,9,5,28/03/2023,1361,Delivered,3000
1362.0,9,4,01/04/2023,1362,Delivered,1000
1363.0,9,5,05/04/2023,1363,Delivered,1500
1364.0,9,4,08/04/2023,1364,Delivered,1000
1365.0,9,5,10/04/2023,1365,Delivered,1500
1366.0,9,4,11/04/2023,1366,Delivered,1500
1367.0,9,5,11/04/2023,1367,Delivered,1500
1368.0,9,4,12/04/2023,1368,Delivered,1000
1369.0,9,5,12/04/2023,1369,Delivered,1000
1370.0,9,2,12/04/2023,1370,Delivered,1000
1371.0,9,3,13/04/2023,1371,Delivered,1000
1372.0,9,4,13/04/2023,1372,Delivered,1000
1373.0,9,5,18/04/2023,1373,Delivered,1500
1374.0,9,4,19/04/2023,1374,Delivered,1000
1375.0,9,5,19/04/2023,1375,Delivered,1500
1376.0,9,4,20/04/2023,1376,Delivered,1500
1377.0,9,5,20/04/2023,1377,Delivered,1500
1378.0,9,4,21/04/2023,1378,Delivered,1000
1379.0,9,5,21/04/2023,1379,Delivered,1500
1380.0,9,4,24/04/2023,1380,Delivered,1000
1381.0,9,5,26/04/2023,1381,Delivered,3000
1382.0,9,4,26/04/2023,1382,Delivered,1500
1383.0,9,5,27/04/2023,1383,Delivered,1500
1384.0,9,4,27/04/2023,1384,Delivered,1000
1385.0,9,5,29/04/2023,1385,Delivered,3500
1386.0,9,4,29/04/2023,1386,Delivered,1500
1387.0,9,5,29/04/2023,1387,Delivered,1500
1388.0,9,4,29/04/2023,1388,Delivered,1000
1389.0,9,5,01/05/2023,1389,Delivered,1000
1390.0,9,4,02/05/2023,1390,Delivered,1000
1391.0,9,5,03/05/2023,1391,Delivered,1000
1392.0,9,2,04/05/2023,1392,Delivered,1000
1393.0,9,3,04/05/2023,1393,Delivered,1000
1394.0,9,4,04/05/2023,1394,Delivered,1000
1395.0,9,5,04/05/2023,1395,Delivered,1000
1396.0,9,4,06/05/2023,1396,Delivered,1000
1397.0,9,5,06/05/2023,1397,Delivered,1000
1398.0,9,4,09/05/2023,1398,Delivered,1000
1399.0,9,5,11/05/2023,1399,Delivered,1500
1400.0,9,4,11/05/2023,1400,Delivered,1000
1401.0,9,5,12/05/2023,1401,Delivered,1500
1402.0,9,4,12/05/2023,1402,Delivered,1000
1403.0,9,5,12/05/2023,1403,Delivered,1500
1404.0,9,4,12/05/2023,1404,Delivered,1000
1405.0,9,5,13/05/2023,1405,Delivered,1000
1406.0,9,4,13/05/2023,1406,Delivered,1000
1407.0,9,5,13/05/2023,1407,Delivered,1000
1408.0,9,4,15/05/2023,1408,Delivered,1000
1409.0,9,5,15/05/2023,1409,Delivered,1000
1410.0,9,4,16/05/2023,1410,Delivered,1000
1411.0,9,5,17/05/2023,1411,Delivered,1000
1412.0,9,4,19/05/2023,1412,Delivered,1000
1413.0,9,5,19/05/2023,1413,Delivered,1000
1414.0,9,4,19/05/2023,1414,Delivered,1000
1415.0,9,5,19/05/2023,1415,Delivered,1000
1416.0,9,4,22/05/2023,1416,Delivered,1000
1417.0,9,5,22/05/2023,1417,Delivered,1000
1418.0,9,4,22/05/2023,1418,Delivered,1000
1419.0,9,5,23/05/2023,1419,Delivered,1000
1420.0,9,5,26/05/2023,1420,Delivered,1000
1421.0,9,4,27/05/2023,1421,Delivered,1000
1422.0,9,5,27/05/2023,1422,Delivered,1000
1423.0,9,4,27/05/2023,1423,Delivered,1500
1424.0,9,5,29/05/2023,1424,Delivered,3500
1425.0,9,4,29/05/2023,1425,Delivered,1000
1426.0,9,5,29/05/2023,1426,Delivered,1000
1427.0,9,4,30/05/2023,1427,Delivered,2500
1428.0,9,5,30/05/2023,1428,Delivered,2500
1429.0,9,4,30/05/2023,1429,Delivered,1000
1430.0,9,5,31/05/2023,1430,Delivered,1000
1431.0,9,4,31/05/2023,1431,Delivered,1500
1432.0,9,5,31/05/2023,1432,Delivered,1000
1433.0,9,4,31/05/2023,1433,Delivered,1500
1434.0,9,5,31/05/2023,1434,Delivered,1000
1435.0,9,4,31/05/2023,1435,Delivered,1500
1436.0,9,5,01/06/2023,1436,Delivered,1000
1437.0,9,4,01/06/2023,1437,Delivered,1500
1438.0,9,5,02/06/2023,1438,Delivered,1500
1439.0,9,5,02/06/2023,1439,Delivered,1500
1440.0,9,4,03/06/2023,1440,Delivered,2000
1441.0,9,5,03/06/2023,1441,Delivered,2000
1442.0,9,4,05/06/2023,1442,Delivered,1000
1443.0,9,5,05/06/2023,1443,Delivered,1000
1444.0,9,4,05/06/2023,1444,Delivered,1000
1445.0,9,5,06/06/2023,1445,Delivered,1000
1446.0,9,4,07/06/2023,1446,Delivered,1500
1447.0,9,5,08/06/2023,1447,Delivered,1500
1448.0,9,4,08/06/2023,1448,Delivered,1500
1449.0,9,5,09/06/2023,1449,Delivered,3500
1450.0,9,4,09/06/2023,1450,Delivered,2000
1451.0,9,5,10/06/2023,1451,Delivered,2000
1452.0,9,4,10/06/2023,1452,Delivered,1000
1453.0,9,5,12/06/2023,1453,Delivered,1000
1454.0,9,4,12/06/2023,1454,Delivered,1000
1455.0,9,5,12/06/2023,1455,Delivered,1000
1456.0,9,4,12/06/2023,1456,Delivered,1000
1457.0,9,5,12/06/2023,1457,Delivered,1500
1458.0,9,5,12/06/2023,1458,Delivered,1000
1459.0,9,4,12/06/2023,1459,Delivered,1500
1460.0,9,5,13/06/2023,1460,Delivered,2000
1461.0,9,4,14/06/2023,1461,Delivered,1000
1462.0,9,5,14/06/2023,1462,Delivered,1000
1463.0,9,4,14/06/2023,1463,Delivered,1500
1464.0,9,5,14/06/2023,1464,Delivered,1000
1465.0,9,4,15/06/2023,1465,Delivered,1000
1466.0,9,5,15/06/2023,1466,Delivered,1500
1467.0,9,4,15/06/2023,1467,Delivered,1000
1468.0,9,5,15/06/2023,1468,Delivered,1000
1469.0,9,4,16/06/2023,1469,Delivered,1000
1470.0,9,5,16/06/2023,1470,Delivered,1000
1471.0,9,4,16/06/2023,1471,Delivered,1500
1472.0,9,5,17/06/2023,1472,Delivered,1500
1473.0,9,4,17/06/2023,1473,Delivered,2000
1474.0,9,5,17/06/2023,1474,cancelled, -   
1475.0,9,4,20/06/2023,1475,Delivered,1500
1476.0,9,5,23/06/2023,1476,Delivered,1000
1477.0,9,5,24/06/2023,1477,Delivered,1500
1478.0,9,4,27/06/2023,1478,Delivered,500
1479.0,9,5,27/06/2023,1479,Delivered,1000
1480.0,9,4,27/06/2023,1480,Delivered,500
1481.0,9,5,27/06/2023,1481,Delivered,500
1482.0,9,4,27/06/2023,1482,Delivered,2000
1483.0,9,5,28/06/2023,1483,Delivered,1000
1484.0,9,4,28/06/2023,1484,Delivered,1000
1485.0,9,5,28/06/2023,1485,Delivered,1500
1486.0,9,4,29/06/2023,1486,Delivered,1500
1487.0,9,5,29/06/2023,1487,Delivered,1000
1488.0,9,4,29/06/2023,1488,Delivered,1500
1489.0,9,5,29/06/2023,1489,Delivered,1500
1490.0,9,4,30/06/2023,1490,Delivered,1000
1491.0,9,5,30/06/2023,1491,Delivered,1000
1492.0,9,4,30/06/2023,1492,Delivered,1500
1493.0,9,5,30/06/2023,1493,Delivered,1000
1494.0,9,4,30/06/2023,1494,Delivered,1000
1495.0,9,5,30/06/2023,1495,Delivered,2000
1496.0,9,5,30/06/2023,1496,Delivered,1500
1497.0,9,4,30/06/2023,1497,Delivered,2000
1498.0,9,5,01/07/2023,1498,Delivered,2000
1499.0,9,4,04/07/2023,1499,Delivered,1000
1500.0,9,5,04/07/2023,1500,Delivered,2000
1501.0,9,4,05/07/2023,1501,Delivered,1500
1502.0,9,5,05/07/2023,1502,Delivered,1500
1503.0,9,4,05/07/2023,1503,Delivered,1500
1504.0,9,5,05/07/2023,1504,Delivered,2000
1505.0,9,4,06/07/2023,1505,Delivered,1000
1506.0,9,5,06/07/2023,1506,Delivered,2000
1507.0,9,4,07/07/2023,1507,Delivered,1000
1508.0,9,5,08/07/2023,1508,Delivered,1500
1509.0,9,4,08/07/2023,1509,Delivered,1000
1510.0,9,5,08/07/2023,1510,Delivered,1500
1511.0,9,4,08/07/2023,1511,Delivered,1000
1512.0,9,5,10/07/2023,1512,Delivered,1000
1513.0,9,4,10/07/2023,1513,Delivered,2000
1514.0,9,5,12/07/2023,1514,Delivered,1000
1515.0,9,5,12/07/2023,1515,Delivered,1000
1516.0,9,4,13/07/2023,1516,Delivered,1500
1517.0,9,5,13/07/2023,1517,Delivered,1000
1518.0,9,4,14/07/2023,1518,Delivered,1000
1519.0,9,5,14/07/2023,1519,Delivered,1000
1520.0,9,4,15/07/2023,1520,Delivered,1000
1521.0,9,5,17/07/2023,1521,Delivered,2000
1522.0,9,4,17/07/2023,1522,Delivered,1000
1523.0,9,5,17/07/2023,1523,Delivered,1500
1524.0,9,4,17/07/2023,1524,Delivered,1000
1525.0,9,5,17/07/2023,1525,Delivered,1000
1526.0,9,4,18/07/2023,1526,Delivered,1000
1527.0,9,5,19/07/2023,1527,Delivered,1000
1528.0,9,4,20/07/2023,1528,Delivered,1000
1529.0,9,5,20/07/2023,1529,Delivered,1000
1530.0,9,4,20/07/2023,1530,Delivered,1000
1531.0,9,5,21/07/2023,1531,Delivered,1500
1532.0,9,4,21/07/2023,1532,Delivered,1500
1533.0,9,5,25/07/2023,1533,Delivered,1500
1534.0,9,5,25/07/2023,1534,Delivered,2000
1535.0,9,4,25/07/2023,1535,Delivered,1000
1536.0,9,5,25/07/2023,1536,Delivered,2000
1537.0,9,4,25/07/2023,1537,Delivered,1500
1538.0,9,5,25/07/2023,1538,Delivered,1000
1539.0,9,4,28/07/2023,1539,Delivered,1000
1540.0,9,5,28/07/2023,1540,Delivered,2000
1541.0,9,4,29/07/2023,1541,Delivered,2000
1542.0,9,5,29/07/2023,1542,Delivered,1000
1543.0,9,4,29/07/2023,1543,Delivered,2000
1544.0,9,5,29/07/2023,1544,Delivered,1000
1545.0,9,4,29/07/2023,1545,Delivered,1000
1546.0,9,5,29/07/2023,1546,Delivered,2000
1547.0,9,4,29/07/2023,1547,Delivered,1000
1548.0,9,5,31/07/2023,1548,Delivered,1000
1549.0,9,4,31/07/2023,1549,Delivered,2000
1550.0,9,5,31/07/2023,1550,Delivered,1500
1551.0,9,4,31/07/2023,1551,Delivered,1500
1552.0,9,5,04/08/2023,1552,Delivered,1000
1553.0,9,5,04/08/2023,1553,Delivered,2000
1554.0,9,4,05/08/2023,1554,Delivered,1000
1555.0,9,5,07/08/2023,1555,Delivered,1500
1556.0,9,4,07/08/2023,1556,Delivered,1500
1557.0,9,5,07/08/2023,1557,Delivered,2000
1558.0,9,4,11/08/2023,1558,Delivered,1000
1559.0,9,5,11/08/2023,1559,Delivered,1000
1560.0,9,4,11/08/2023,1560,Delivered,1500
1561.0,9,5,14/08/2023,1561,Delivered,1500
1562.0,9,4,14/08/2023,1562,Delivered,1000
1563.0,9,5,15/08/2023,1563,Delivered,1500
1564.0,9,4,17/08/2023,1564,Delivered,1500
1565.0,9,5,24/08/2023,1565,Delivered,1500
1566.0,9,4,24/08/2023,1566,Delivered,1500
1567.0,9,5,24/08/2023,1567,Delivered,1500
1568.0,9,4,25/08/2023,1568,Delivered,1500
1569.0,9,5,26/08/2023,1569,Delivered,1500
1570.0,9,4,26/08/2023,1570,Delivered,2000
1571.0,9,5,26/08/2023,1571,Delivered,2000
1572.0,9,5,29/08/2023,1572,Delivered,2500
1573.0,9,4,30/08/2023,1573,Delivered,1500
1574.0,9,5,31/08/2023,1574,Delivered,1000
1575.0,9,4,31/08/2023,1575,Delivered,1500
1576.0,9,5,02/09/2023,1576,Delivered,1500
1577.0,9,4,04/09/2023,1577,Delivered,1000
1578.0,9,5,04/09/2023,1578,Delivered,1000
1579.0,9,4,04/09/2023,1579,Delivered,1000
1580.0,9,5,04/09/2023,1580,Delivered,1000
1581.0,9,4,04/09/2023,1581,Delivered,1000
1582.0,9,5,05/09/2023,1582,Delivered,1000
1583.0,9,4,07/09/2023,1583,Delivered,1500
1584.0,9,5,07/09/2023,1584,Delivered,1000
1585.0,9,4,07/09/2023,1585,Delivered,1000
1586.0,9,5,08/09/2023,1586,Delivered,1500
1587.0,9,4,08/09/2023,1587,Delivered,1500
1588.0,9,5,08/09/2023,1588,Delivered,1500
1589.0,9,4,08/09/2023,1589,Delivered,2000
1590.0,9,5,08/09/2023,1590,Delivered,1500
1591.0,9,5,08/09/2023,1591,cancelled, -   
1592.0,9,4,09/09/2023,1592,Delivered,1500
1593.0,9,5,09/09/2023,1593,Delivered,1500
1594.0,9,4,11/09/2023,1594,Delivered,1500
1595.0,9,5,11/09/2023,1595,Delivered,2000
1596.0,9,4,11/09/2023,1596,Delivered,1500
1597.0,9,5,11/09/2023,1597,Delivered,2000
1598.0,9,4,11/09/2023,1598,Delivered,2000
1599.0,9,5,13/09/2023,1599,Delivered,2000
1600.0,9,4,13/09/2023,1600,Delivered,2500
1601.0,9,5,14/09/2023,1601,Delivered,2000
1602.0,9,4,14/09/2023,1602,Delivered,1500
1603.0,9,5,14/09/2023,1603,Delivered,1500
1604.0,9,4,15/09/2023,1604,Delivered,1500
1605.0,9,5,16/09/2023,1605,Delivered,1500
1606.0,9,4,16/09/2023,1606,Delivered,1500
1607.0,9,5,16/09/2023,1607,Delivered,1500
1608.0,9,4,16/09/2023,1608,Delivered,1500
1609.0,9,5,16/09/2023,1609,Delivered,1000
1610.0,9,5,16/09/2023,1610,Delivered,1500
1611.0,9,4,18/09/2023,1611,Delivered,1500
1612.0,9,5,18/09/2023,1612,Delivered,2000
1613.0,9,4,19/09/2023,1613,Delivered,1500
1614.0,9,5,20/09/2023,1614,Delivered,1500
1615.0,9,4,20/09/2023,1615,Delivered,2000
1616.0,9,5,21/09/2023,1616,Delivered,1500
1617.0,9,4,23/09/2023,1617,Delivered,1500
1618.0,9,5,23/09/2023,1618,Delivered,1500
1619.0,9,4,25/09/2023,1619,Delivered,1500
1620.0,9,5,26/09/2023,1620,Delivered,1500
1621.0,9,4,29/09/2023,1621,Delivered,2000
1622.0,9,5,29/09/2023,1622,Delivered,1500
1623.0,9,4,29/09/2023,1623,Delivered,2000
1624.0,9,5,30/09/2023,1624,Delivered,1500
1625.0,9,4,30/09/2023,1625,Delivered,2000
1626.0,9,5,02/10/2023,1626,Delivered,2000
1627.0,9,4,04/10/2023,1627,Delivered,1500
1628.0,140,2,04/02/2023,1628,Delivered,1500
1629.0,140,3,18/02/2023,1629,Delivered,1500
1630.0,140,2,31/03/2023,1630,Delivered,1500
1631.0,140,3,11/04/2023,1631,Delivered,1500
1632.0,140,2,21/04/2023,1632,Delivered,1500
1633.0,140,3,21/04/2023,1633,Delivered,1500
1634.0,140,2,30/04/2023,1634,Delivered,1500
1635.0,140,3,02/05/2023,1635,Delivered,1500
1636.0,140,2,04/05/2023,1636,Delivered,1500
1637.0,140,3,12/05/2023,1637,Delivered,1500
1638.0,140,2,15/05/2023,1638,Delivered,1000
1639.0,140,3,16/05/2023,1639,Delivered,1500
1640.0,101,2,29/05/2023,1640,Delivered,1000
1641.0,101,3,08/06/2023,1641,Delivered,1500
1642.0,101,2,08/06/2023,1642,Delivered,1000
1643.0,101,3,14/06/2023,1643,Delivered,1500
1644.0,101,2,16/06/2023,1644,Delivered,1500
1645.0,101,3,28/06/2023,1645,Delivered,1500
1646.0,101,2,01/07/2023,1646,Delivered,500
1647.0,101,3,07/07/2023,1647,cancelled, -   
1648.0,101,2,08/07/2023,1648,Delivered,3000
1649.0,101,3,08/07/2023,1649,Delivered,2000
1650.0,101,2,05/08/2023,1650,Delivered,2000
1651.0,101,3,08/08/2023,1651,Delivered,2000
1652.0,101,2,11/08/2023,1652,Delivered,1500
1653.0,192,3,12/08/2023,1653,Delivered,2000
1654.0,192,2,14/08/2023,1654,Delivered,1000
1655.0,192,3,18/08/2023,1655,Delivered,1000
1656.0,192,2,21/08/2023,1656,Delivered,2000
1657.0,192,3,24/08/2023,1657,Delivered,2000
1658.0,121,2,28/08/2023,1658,Delivered,1500
1659.0,121,3,28/09/2023,1659,Delivered,1500
1660.0,121,2,28/09/2023,1660,Delivered,1500
1661.0,110,3,28/09/2023,1661,Delivered,1500
1662.0,147,3,23/06/2023,1662,Delivered,1000
1663.0,147,2,21/07/2023,1663,Delivered,2000
1664.0,147,3,21/08/2023,1664,Delivered,2000
1665.0,147,2,20/09/2023,1665,Delivered,1500
1666.0,147,3,02/10/2023,1666,Delivered,1200
1667.0,17,2,01/02/2023,1667,Delivered,1500
1668.0,17,3,03/02/2023,1668,Delivered,1500
1669.0,17,6,03/02/2023,1669,Delivered,1500
1670.0,17,6,04/02/2023,1670,Delivered,1500
1671.0,17,1,04/02/2023,1671,Delivered,1500
1672.0,17,6,06/02/2023,1672,Delivered,1500
1673.0,17,6,07/02/2023,1673,Delivered,1500
1674.0,17,1,07/02/2023,1674,Delivered,1500
1675.0,17,7,07/02/2023,1675,Delivered,1500
1676.0,17,6,08/02/2023,1676,Delivered,1500
1677.0,17,6,08/02/2023,1677,Delivered,1000
1678.0,17,1,08/02/2023,1678,Delivered,1000
1679.0,17,1,09/02/2023,1679,Delivered,1500
1680.0,17,1,09/02/2023,1680,Delivered,1500
1681.0,17,1,09/02/2023,1681,Delivered,1500
1682.0,17,1,10/02/2023,1682,Delivered,1500
1683.0,17,1,10/02/2023,1683,Delivered,1500
1684.0,17,1,10/02/2023,1684,Delivered,1500
1685.0,17,7,11/02/2023,1685,Delivered,1500
1686.0,17,7,11/02/2023,1686,Delivered,3000
1687.0,17,7,11/02/2023,1687,Delivered,1500
1688.0,17,1,13/02/2023,1688,Delivered,1500
1689.0,17,1,14/02/2023,1689,Delivered,1500
1690.0,17,6,14/02/2023,1690,Delivered,1500
1691.0,17,7,14/02/2023,1691,Delivered,1500
1692.0,17,7,15/02/2023,1692,Delivered,1500
1693.0,17,7,15/02/2023,1693,Delivered,1500
1694.0,17,1,16/02/2023,1694,Delivered,1500
1695.0,17,6,17/02/2023,1695,Delivered,1400
1696.0,17,7,17/02/2023,1696,Delivered,1500
1697.0,17,1,17/02/2023,1697,Delivered,1500
1698.0,17,1,18/02/2023,1698,Delivered,1500
1699.0,17,1,18/02/2023,1699,Delivered,1500
1700.0,17,1,18/02/2023,1700,Delivered,1500
1701.0,17,6,20/02/2023,1701,Delivered,1500
1702.0,17,6,21/02/2023,1702,Delivered,1500
1703.0,17,1,21/02/2023,1703,Delivered,1500
1704.0,17,1,22/02/2023,1704,Delivered,1500
1705.0,17,6,23/02/2023,1705,Delivered,1500
1706.0,17,1,23/02/2023,1706,Delivered,1500
1707.0,17,1,23/02/2023,1707,Delivered,1500
1708.0,17,2,24/02/2023,1708,Delivered,1500
1709.0,17,2,24/02/2023,1709,Delivered,1500
1710.0,17,2,24/02/2023,1710,Delivered,1500
1711.0,17,2,27/02/2023,1711,Delivered,1500
1712.0,17,2,28/02/2023,1712,Delivered,1500
1713.0,17,1,01/03/2023,1713,Delivered,1500
1714.0,17,2,02/03/2023,1714,Delivered,1500
1715.0,17,1,03/03/2023,1715,Delivered,1500
1716.0,17,1,03/03/2023,1716,Delivered,1500
1717.0,17,2,03/03/2023,1717,Delivered,1500
1718.0,17,2,04/03/2023,1718,Delivered,1500
1719.0,17,1,04/03/2023,1719,Delivered,1500
1720.0,17,6,04/03/2023,1720,Delivered,1500
1721.0,17,6,05/03/2023,1721,Delivered,1500
1722.0,17,6,05/03/2023,1722,Delivered,1500
1723.0,17,7,06/03/2023,1723,Delivered,1500
1724.0,17,7,09/03/2023,1724,Delivered,1000
1725.0,17,6,09/03/2023,1725,Delivered,1500
1726.0,17,1,10/03/2023,1726,Delivered,2000
1727.0,17,1,11/03/2023,1727,Delivered,1500
1728.0,17,1,11/03/2023,1728,Delivered,1500
1729.0,17,1,12/03/2023,1729,Delivered,1500
1730.0,17,2,13/03/2023,1730,Delivered,1500
1731.0,17,6,13/03/2023,1731,Delivered,1500
1732.0,17,2,13/03/2023,1732,Delivered,1500
1733.0,17,1,13/03/2023,1733,Delivered,1500
1734.0,17,1,13/03/2023,1734,Delivered,1500
1735.0,17,2,14/03/2023,1735,Delivered,1500
1736.0,17,2,14/03/2023,1736,Delivered,1000
1737.0,17,1,14/03/2023,1737,Delivered,1500
1738.0,17,7,16/03/2023,1738,Delivered,1500
1739.0,17,2,17/03/2023,1739,Delivered,1000
1740.0,17,1,20/03/2023,1740,Delivered,1500
1741.0,17,2,20/03/2023,1741,Delivered,1500
1742.0,17,1,21/03/2023,1742,Delivered,1500
1743.0,17,2,21/03/2023,1743,Delivered,1500
1744.0,17,7,22/03/2023,1744,Delivered,1500
1745.0,17,2,22/03/2023,1745,Delivered,1500
1746.0,17,2,22/03/2023,1746,Delivered,1500
1747.0,17,1,23/03/2023,1747,Delivered,1000
1748.0,17,1,24/03/2023,1748,Delivered,2000
1749.0,17,1,26/03/2023,1749,Delivered,1500
1750.0,17,2,26/03/2023,1750,Delivered,1500
1751.0,17,1,28/03/2023,1751,Delivered,1500
1752.0,17,1,28/03/2023,1752,Delivered,1500
1753.0,17,1,28/03/2023,1753,Delivered,1500
1754.0,17,2,28/03/2023,1754,Delivered,1000
1755.0,17,7,29/03/2023,1755,Delivered,1500
1756.0,17,6,30/03/2023,1756,Delivered,1500
1757.0,17,1,30/03/2023,1757,Delivered,1500
1758.0,17,2,30/03/2023,1758,Delivered,1500
1759.0,17,1,31/03/2023,1759,Delivered,1500
1760.0,17,1,31/03/2023,1760,Delivered,1500
1761.0,17,1,01/04/2023,1761,Delivered,1500
1762.0,17,1,01/04/2023,1762,Delivered,1500
1763.0,17,1,02/04/2023,1763,Delivered,1500
1764.0,17,2,04/04/2023,1764,Delivered,1500
1765.0,17,7,04/04/2023,1765,Delivered,1500
1766.0,17,1,04/04/2023,1766,Delivered,1000
1767.0,17,1,05/04/2023,1767,Delivered,1000
1768.0,17,1,05/04/2023,1768,Delivered,1500
1769.0,17,6,05/04/2023,1769,Delivered,1500
1770.0,17,1,06/04/2023,1770,Delivered,1500
1771.0,17,7,06/04/2023,1771,Delivered,1500
1772.0,17,6,07/04/2023,1772,Delivered,1500
1773.0,17,1,07/04/2023,1773,Delivered,1500
1774.0,17,2,07/04/2023,1774,Delivered,1500
1775.0,17,2,08/04/2023,1775,Delivered,1500
1776.0,17,7,08/04/2023,1776,Delivered,1500
1777.0,17,2,08/04/2023,1777,Delivered,1500
1778.0,17,7,10/04/2023,1778,Delivered,1500
1779.0,17,2,10/04/2023,1779,Delivered,1500
1780.0,17,1,10/04/2023,1780,Delivered,1500
1781.0,17,1,11/04/2023,1781,Delivered,1000
1782.0,17,2,11/04/2023,1782,Delivered,1500
1783.0,17,1,12/04/2023,1783,Delivered,1500
1784.0,17,7,13/04/2023,1784,Delivered,1500
1785.0,17,1,13/04/2023,1785,Delivered,1500
1786.0,17,1,13/04/2023,1786,Delivered,1500
1787.0,17,7,14/04/2023,1787,Delivered,1000
1788.0,17,6,14/04/2023,1788,Delivered,1500
1789.0,17,6,15/04/2023,1789,Delivered,1000
1790.0,17,7,16/04/2023,1790,Delivered,1500
1791.0,17,7,17/04/2023,1791,Delivered,1500
1792.0,17,2,19/04/2023,1792,Delivered,1000
1793.0,17,2,20/04/2023,1793,Delivered,1500
1794.0,17,7,20/04/2023,1794,Delivered,1500
1795.0,17,2,20/04/2023,1795,Delivered,1500
1796.0,17,1,22/04/2023,1796,Delivered,1500
1797.0,17,6,23/04/2023,1797,Delivered,1500
1798.0,17,6,24/04/2023,1798,Delivered,1500
1799.0,17,1,25/04/2023,1799,Delivered,1500
1800.0,17,1,25/04/2023,1800,cancelled, -   
1801.0,17,7,26/04/2023,1801,Delivered,1500
1802.0,17,7,27/04/2023,1802,Delivered,1000
1803.0,17,1,28/04/2023,1803,Delivered,1500
1804.0,17,2,28/04/2023,1804,Delivered,1500
1805.0,17,2,29/04/2023,1805,Delivered,1000
1806.0,17,1,29/04/2023,1806,Delivered,1500
1807.0,17,2,30/04/2023,1807,Delivered,1500
1808.0,17,1,01/05/2023,1808,Delivered,1500
1809.0,17,7,01/05/2023,1809,Delivered,1000
1810.0,17,2,03/05/2023,1810,Delivered,1000
1811.0,17,2,05/05/2023,1811,Delivered,1000
1812.0,17,7,06/05/2023,1812,Delivered,1500
1813.0,17,1,08/05/2023,1813,Delivered,1500
1814.0,17,1,08/05/2023,1814,Delivered,1500
1815.0,17,1,09/05/2023,1815,Delivered,1500
1816.0,17,1,12/05/2023,1816,Delivered,1500
1817.0,17,2,13/05/2023,1817,Delivered,1500
1818.0,17,1,13/05/2023,1818,Delivered,1000
1819.0,17,1,13/05/2023,1819,Delivered,1500
1820.0,17,1,15/05/2023,1820,Delivered,1500
1821.0,17,1,15/05/2023,1821,Delivered,1000
1822.0,17,1,16/05/2023,1822,Delivered,1000
1823.0,17,1,16/05/2023,1823,Delivered,1000
1824.0,17,2,16/05/2023,1824,Delivered,1500
1825.0,17,1,17/05/2023,1825,cancelled, -   
1826.0,17,1,17/05/2023,1826,Delivered,1200
1827.0,17,1,17/05/2023,1827,Delivered,1000
1828.0,17,2,17/05/2023,1828,Delivered,1500
1829.0,17,7,17/05/2023,1829,Delivered,1000
1830.0,17,2,18/05/2023,1830,Delivered,2500
1831.0,17,1,18/05/2023,1831,Delivered,1000
1832.0,17,1,18/05/2023,1832,Delivered,1500
1833.0,17,1,24/05/2023,1833,Delivered,1500
1834.0,17,1,24/05/2023,1834,Delivered,1500
1835.0,17,1,24/05/2023,1835,Delivered,1500
1836.0,17,1,25/05/2023,1836,Delivered,1500
1837.0,17,2,25/05/2023,1837,Delivered,1000
1838.0,17,1,25/05/2023,1838,Delivered,1500
1839.0,17,7,25/05/2023,1839,Delivered,1500
1840.0,17,2,25/05/2023,1840,Delivered,1000
1841.0,17,1,27/05/2023,1841,Delivered,1000
1842.0,17,1,27/05/2023,1842,Delivered,1500
1843.0,17,2,27/05/2023,1843,Delivered,1000
1844.0,17,1,28/05/2023,1844,Delivered,1500
1845.0,17,1,29/05/2023,1845,Delivered,1000
1846.0,17,1,30/05/2023,1846,Delivered,1500
1847.0,17,1,31/05/2023,1847,Delivered,1500
1848.0,17,1,01/06/2023,1848,Delivered,1500
1849.0,17,2,02/06/2023,1849,Delivered,1500
1850.0,17,1,02/06/2023,1850,Delivered,1500
1851.0,17,1,02/06/2023,1851,Delivered,1500
1852.0,17,1,02/06/2023,1852,Delivered,1500
1853.0,17,7,02/06/2023,1853,Delivered,1500
1854.0,17,2,03/06/2023,1854,Delivered,2000
1855.0,17,1,05/06/2023,1855,Delivered,1500
1856.0,17,1,08/06/2023,1856,Delivered,1500
1857.0,17,2,15/06/2023,1857,Delivered,1500
1858.0,17,1,15/06/2023,1858,Delivered,1500
1859.0,17,1,17/06/2023,1859,Delivered,1000
1860.0,17,1,18/06/2023,1860,Delivered,1500
1861.0,17,1,18/06/2023,1861,Delivered,2500
1862.0,17,1,21/06/2023,1862,Delivered,1500
1863.0,17,1,21/06/2023,1863,Delivered,1500
1864.0,17,1,21/06/2023,1864,Delivered,2000
1865.0,17,1,22/06/2023,1865,Delivered,2000
1866.0,17,1,22/06/2023,1866,Delivered,1500
1867.0,17,1,23/06/2023,1867,Delivered,1500
1868.0,17,1,23/06/2023,1868,Delivered,1000
1869.0,17,2,26/06/2023,1869,Delivered,2000
1870.0,17,1,27/06/2023,1870,Delivered,1500
1871.0,17,1,27/06/2023,1871,Delivered,1500
1872.0,17,2,28/06/2023,1872,Delivered,2000
1873.0,17,1,29/06/2023,1873,Delivered,1500
1874.0,17,1,30/06/2023,1874,Delivered,1500
1875.0,17,1,30/06/2023,1875,Delivered,1500
1876.0,17,1,30/06/2023,1876,Delivered,2000
1877.0,17,1,30/06/2023,1877,cancelled, -   
1878.0,17,1,01/07/2023,1878,Delivered,1000
1879.0,17,1,07/07/2023,1879,Delivered,2000
1880.0,17,1,08/07/2023,1880,Delivered,1500
1881.0,17,2,11/07/2023,1881,Delivered,2000
1882.0,17,2,12/07/2023,1882,Delivered,2000
1883.0,17,1,13/07/2023,1883,cancelled, -   
1884.0,17,2,14/07/2023,1884,Delivered,1000
1885.0,17,1,16/07/2023,1885,cancelled, -   
1886.0,17,2,17/07/2023,1886,Delivered,1500
1887.0,17,1,19/07/2023,1887,Delivered,2000
1888.0,17,1,19/07/2023,1888,Delivered,2000
1889.0,17,1,28/07/2023,1889,Delivered,1500
1890.0,17,1,20/08/2023,1890,Delivered,2000
1891.0,17,1,29/08/2023,1891,Delivered,2000
1892.0,17,1,03/09/2023,1892,Delivered,2000
1893.0,17,1,06/09/2023,1893,Delivered,1500
1894.0,17,2,06/09/2023,1894,Delivered,1000
1895.0,17,1,15/09/2023,1895,Delivered,1000
1896.0,17,1,15/09/2023,1896,Delivered,1500
1897.0,17,1,28/09/2023,1897,Delivered,1500
1898.0,17,1,30/09/2023,1898,Delivered,2000
1899.0,3,2,04/01/2023,1899,Delivered,1000
1900.0,3,2,05/01/2023,1900,Delivered,1000
1901.0,3,7,23/01/2023,1901,Delivered,1000
1902.0,3,7,24/01/2023,1902,Delivered,1000
1903.0,3,6,25/01/2023,1903,Delivered,1500
1904.0,3,1,27/01/2023,1904,Delivered,1500
1905.0,3,6,30/01/2023,1905,Delivered,1500
1906.0,3,1,03/02/2023,1906,Delivered,1500
1907.0,3,7,03/02/2023,1907,Delivered,2000
1908.0,3,7,06/02/2023,1908,Delivered,1500
1909.0,3,6,10/02/2023,1909,Delivered,1500
1910.0,3,1,10/02/2023,1910,Delivered,1500
1911.0,3,7,10/02/2023,1911,Delivered,1500
1912.0,3,6,10/02/2023,1912,Delivered,1500
1913.0,3,1,11/02/2023,1913,Delivered,1500
1914.0,3,1,13/02/2023,1914,Delivered,1500
1915.0,3,1,14/02/2023,1915,Delivered,1500
1916.0,3,7,14/02/2023,1916,Delivered,1500
1917.0,3,6,14/02/2023,1917,Delivered,1500
1918.0,3,1,16/02/2023,1918,Delivered,2000
1919.0,3,6,16/02/2023,1919,Delivered,1500
1920.0,3,6,20/02/2023,1920,Delivered,3000
1921.0,3,6,20/02/2023,1921,Delivered,1500
1922.0,3,2,24/02/2023,1922,Delivered,1500
1923.0,3,1,02/03/2023,1923,Delivered,3000
1924.0,3,1,02/03/2023,1924,Delivered,1500
1925.0,3,6,06/03/2023,1925,Delivered,1500
1926.0,3,1,10/03/2023,1926,Delivered,1500
1927.0,3,1,13/03/2023,1927,Delivered,1500
1928.0,3,1,14/03/2023,1928,Delivered,1500
1929.0,3,1,16/03/2023,1929,Delivered,4000
1930.0,3,2,20/03/2023,1930,Delivered,1500
1931.0,3,7,01/04/2023,1931,Delivered,4000
1932.0,3,1,06/04/2023,1932,Delivered,1500
1933.0,3,1,07/04/2023,1933,Delivered,1500
1934.0,3,1,12/04/2023,1934,Delivered,1500
1935.0,3,7,14/04/2023,1935,Delivered,1500
1936.0,3,1,14/04/2023,1936,Delivered,1000
1937.0,3,7,17/04/2023,1937,Delivered,1500
1938.0,3,7,19/04/2023,1938,Delivered,1500
1939.0,3,6,20/04/2023,1939,Delivered,1500
1940.0,3,1,21/04/2023,1940,Delivered,1500
1941.0,3,2,24/04/2023,1941,Delivered,1500
1942.0,3,7,26/04/2023,1942,Delivered,2000
1943.0,3,2,27/04/2023,1943,Delivered,1500
1944.0,3,6,29/04/2023,1944,Delivered,2000
1945.0,3,1,29/04/2023,1945,Delivered,1500
1946.0,3,2,05/05/2023,1946,Delivered,1500
1947.0,3,1,08/05/2023,1947,Delivered,1500
1948.0,3,1,11/05/2023,1948,Delivered,1500
1949.0,3,1,13/05/2023,1949,Delivered,1500
1950.0,3,1,17/05/2023,1950,Delivered,1500
1951.0,3,2,19/05/2023,1951,Delivered,1500
1952.0,3,1,19/05/2023,1952,Delivered,1500
1953.0,3,2,24/05/2023,1953,Delivered,1500
1954.0,3,1,29/05/2023,1954,Delivered,2500
1955.0,3,2,01/06/2023,1955,Delivered,1500
1956.0,3,7,03/06/2023,1956,Delivered,2000
1957.0,3,2,09/06/2023,1957,Delivered,2000
1958.0,3,1,13/06/2023,1958,Delivered,2000
1959.0,3,1,17/06/2023,1959,Delivered,2000
1960.0,3,1,23/06/2023,1960,Delivered,2000
1961.0,3,1,30/06/2023,1961,Delivered,2000
1962.0,3,1,01/07/2023,1962,Delivered,2000
1963.0,3,1,01/07/2023,1963,Delivered,2000
1964.0,3,1,03/07/2023,1964,Delivered,1500
1965.0,3,1,04/07/2023,1965,Delivered,1500
1966.0,3,2,17/07/2023,1966,Delivered,2000
1967.0,3,1,20/07/2023,1967,Delivered,2000
1968.0,3,1,26/07/2023,1968,Delivered,2000
1969.0,3,2,26/07/2023,1969,Delivered,2000
1970.0,3,2,01/08/2023,1970,Delivered,2000
1971.0,3,1,02/08/2023,1971,Delivered,2000
1972.0,3,2,02/08/2023,1972,Delivered,2000
1973.0,3,2,04/08/2023,1973,Delivered,2000
1974.0,3,2,07/08/2023,1974,Delivered,2000
1975.0,3,1,10/08/2023,1975,Delivered,2000
1976.0,3,2,15/08/2023,1976,Delivered,2000
1977.0,3,1,21/08/2023,1977,Delivered,2000
1978.0,3,2,21/08/2023,1978,Delivered,1000
1979.0,3,2,24/08/2023,1979,Delivered,2000
1980.0,3,2,31/08/2023,1980,Delivered,1500
1981.0,3,1,07/09/2023,1981,Delivered,2000
1982.0,3,1,07/09/2023,1982,Delivered,2000
1983.0,3,2,08/09/2023,1983,Delivered,2000
1984.0,3,1,09/09/2023,1984,Delivered,2000
1985.0,3,1,09/09/2023,1985,Delivered,2000
1986.0,3,2,11/09/2023,1986,Delivered,3000
1987.0,3,1,14/09/2023,1987,Delivered,2000
1988.0,3,1,16/09/2023,1988,Delivered,1500
1989.0,3,1,18/09/2023,1989,Delivered,2000
1990.0,3,1,19/09/2023,1990,Delivered,3500
1991.0,3,1,29/09/2023,1991,Delivered,1500
1992.0,3,1,29/09/2023,1992,Delivered,2000
1993.0,3,1,30/09/2023,1993,Delivered,2000
1994.0,3,1,04/10/2023,1994,Delivered,2000
1995.0,5,7,13/01/2023,1995,Delivered,1500
1996.0,5,7,24/01/2023,1996,Delivered,1500
1997.0,5,7,24/01/2023,1997,Delivered,1500
1998.0,5,6,25/01/2023,1998,Delivered,1000
1999.0,5,1,25/01/2023,1999,Delivered,1000
2000.0,5,1,25/01/2023,2000,Delivered,1000
2001.0,5,1,26/01/2023,2001,Delivered,1000
2002.0,5,6,30/01/2023,2002,Delivered,1500
2003.0,5,1,01/02/2023,2003,Delivered,1500
2004.0,5,1,01/02/2023,2004,Delivered,1500
2005.0,5,7,02/02/2023,2005,Delivered,1500
2006.0,5,6,07/02/2023,2006,Delivered,1500
2007.0,5,1,11/02/2023,2007,Delivered,2000
2008.0,5,6,22/02/2023,2008,Delivered,1000
2009.0,5,1,24/02/2023,2009,Delivered,1500
2010.0,5,1,24/02/2023,2010,Delivered,1500
2011.0,5,6,20/03/2023,2011,Delivered,1500
2012.0,5,1,21/03/2023,2012,Delivered,1000
2013.0,5,1,21/03/2023,2013,Delivered,1000
2014.0,5,7,22/03/2023,2014,Delivered,2000
2015.0,5,1,24/03/2023,2015,Delivered,1000
2016.0,5,1,24/03/2023,2016,Delivered,1000
2017.0,5,1,30/03/2023,2017,Delivered,1000
2018.0,5,1,12/04/2023,2018,Delivered,1000
2019.0,5,7,23/05/2023,2019,Delivered,1000
2020.0,5,7,24/05/2023,2020,Delivered,3000
2021.0,5,7,26/05/2023,2021,Delivered,1500
2022.0,5,1,07/07/2023,2022,Delivered,1500
2023.0,5,1,04/08/2023,2023,Delivered,2000
2024.0,5,2,24/08/2023,2024,Delivered,2000
2025.0,5,1,26/08/2023,2025,Delivered,2000
2026.0,5,2,14/09/2023,2026,Delivered,1500
2027.0,1,5,04/01/2023,2027,Delivered,1000
2028.0,1,4,01/02/2023,2028,Delivered,1500
2029.0,1,5,02/02/2023,2029,Delivered,1500
2030.0,1,4,07/02/2023,2030,Delivered,1500
2031.0,1,3,16/02/2023,2031,Delivered,1500
2032.0,1,3,17/02/2023,2032,Delivered,1500
2033.0,1,3,20/02/2023,2033,Delivered,1500
2034.0,1,3,23/02/2023,2034,Delivered,1500
2035.0,1,3,28/02/2023,2035,Delivered,1500
2036.0,1,5,04/03/2023,2036,Delivered,1500
2037.0,1,4,04/03/2023,2037,Delivered,1500
2038.0,1,5,08/03/2023,2038,Delivered,1500
2039.0,1,4,08/03/2023,2039,Delivered,5600
2040.0,1,3,10/03/2023,2040,Delivered,3000
2041.0,1,3,14/03/2023,2041,Delivered,1500
2042.0,1,3,17/03/2023,2042,Delivered,1500
2043.0,1,3,21/03/2023,2043,Delivered,1500
2044.0,1,3,22/03/2023,2044,Delivered,1500
2045.0,1,5,25/03/2023,2045,Delivered,1500
2046.0,1,4,28/03/2023,2046,Delivered,1500
2047.0,1,5,01/04/2023,2047,Delivered,1500
2048.0,1,4,05/04/2023,2048,Delivered,1500
2049.0,1,3,16/04/2023,2049,Delivered,1500
2050.0,1,3,24/04/2023,2050,Delivered,1500
2051.0,1,3,26/04/2023,2051,Delivered,1500
2052.0,1,3,27/04/2023,2052,Delivered,1500
2053.0,1,3,02/05/2023,2053,Delivered,1500
2054.0,1,5,03/05/2023,2054,Delivered,1500
2055.0,1,4,13/05/2023,2055,Delivered,1500
2056.0,1,5,13/05/2023,2056,Delivered,1500
2057.0,1,4,16/05/2023,2057,Delivered,1550
2058.0,1,3,18/05/2023,2058,Delivered,1500
2059.0,1,3,20/05/2023,2059,Delivered,1500
2060.0,1,3,23/05/2023,2060,Delivered,1500
2061.0,1,3,24/05/2023,2061,Delivered,3000
2062.0,1,3,25/05/2023,2062,Delivered,1500
2063.0,1,5,26/05/2023,2063,Delivered,1500
2064.0,1,4,31/05/2023,2064,Delivered,1500
2065.0,1,5,10/06/2023,2065,Delivered,2000
2066.0,55,3,11/03/2023,2066,Delivered,1500
2067.0,55,5,16/03/2023,2067,Delivered,1500
2068.0,55,4,23/03/2023,2068,Delivered,1500
2069.0,55,5,25/03/2023,2069,Delivered,1500
2070.0,55,4,29/03/2023,2070,Delivered,1000
2071.0,55,3,03/04/2023,2071,Delivered,1000
2072.0,55,3,03/04/2023,2072,Delivered,1500
2073.0,55,3,07/04/2023,2073,Delivered,1500
2074.0,55,3,11/04/2023,2074,Delivered,1000
2075.0,55,3,12/04/2023,2075,Delivered,1000
2076.0,55,5,15/04/2023,2076,Delivered,1500
2077.0,55,4,17/04/2023,2077,Delivered,1500
2078.0,55,5,22/04/2023,2078,Delivered,1000
2079.0,55,4,27/04/2023,2079,Delivered,1000
2080.0,55,3,28/04/2023,2080,Delivered,1000
2081.0,55,3,29/04/2023,2081,Delivered,1000
2082.0,55,3,04/05/2023,2082,Delivered,1000
2083.0,55,5,06/05/2023,2083,Delivered,1500
2084.0,55,4,08/05/2023,2084,Delivered,1500
2085.0,55,5,08/05/2023,2085,Delivered,1500
2086.0,55,4,13/05/2023,2086,Delivered,1000
2087.0,55,3,16/05/2023,2087,Delivered,2500
2088.0,55,3,16/05/2023,2088,Delivered,1500
2089.0,55,3,18/05/2023,2089,Delivered,1500
2090.0,55,3,24/05/2023,2090,Delivered,1000
2091.0,55,3,24/05/2023,2091,Delivered,1500
2092.0,55,5,25/05/2023,2092,Delivered,1000
2093.0,55,4,25/05/2023,2093,Delivered,1000
2094.0,55,5,26/05/2023,2094,Delivered,1000
2095.0,55,4,31/05/2023,2095,Delivered,2000
2096.0,55,3,02/06/2023,2096,Delivered,1500
2097.0,55,3,02/06/2023,2097,Delivered,1500
2098.0,55,3,05/06/2023,2098,Delivered,1500
2099.0,55,5,05/06/2023,2099,Delivered,1000
2100.0,55,4,05/06/2023,2100,Delivered,1500
2101.0,55,5,08/06/2023,2101,Delivered,1500
2102.0,55,4,08/06/2023,2102,Delivered,1500
2103.0,55,3,08/06/2023,2103,Delivered,1500
2104.0,55,3,09/06/2023,2104,Delivered,1000
2105.0,55,3,09/06/2023,2105,Delivered,1000
2106.0,55,3,10/06/2023,2106,Delivered,1000
2107.0,55,3,11/06/2023,2107,Delivered,1500
2108.0,55,5,13/06/2023,2108,Delivered,1500
2109.0,55,4,16/06/2023,2109,Delivered,1500
2110.0,55,5,18/06/2023,2110,Delivered,2000
2111.0,55,4,20/06/2023,2111,Delivered,1500
2112.0,55,3,22/06/2023,2112,Delivered,1500
2113.0,55,3,29/06/2023,2113,Delivered,1500
2114.0,55,3,29/06/2023,2114,Delivered,1000
2115.0,55,5,30/06/2023,2115,Delivered,1000
2116.0,55,4,01/07/2023,2116,Delivered,1500
2117.0,55,5,02/07/2023,2117,Delivered,1000
2118.0,55,4,03/07/2023,2118,Delivered,2500
2119.0,55,3,04/07/2023,2119,Delivered,1500
2120.0,55,3,04/07/2023,2120,Delivered,1000
2121.0,55,3,05/07/2023,2121,Delivered,1000
2122.0,55,3,07/07/2023,2122,cancelled, -   
2123.0,55,3,09/07/2023,2123,Delivered,1500
2124.0,55,5,15/07/2023,2124,cancelled, -   
2125.0,55,4,16/07/2023,2125,Delivered,1500
2126.0,55,5,17/07/2023,2126,Delivered,1000
2127.0,55,4,21/07/2023,2127,Delivered,2000
2128.0,55,3,29/07/2023,2128,Delivered,1000
2129.0,55,3,29/07/2023,2129,Delivered,2000
2130.0,55,3,12/08/2023,2130,Delivered,1500
2131.0,55,5,18/08/2023,2131,Delivered,1500
2132.0,55,4,23/08/2023,2132,Delivered,2000
2133.0,55,5,01/09/2023,2133,Delivered,1500
2134.0,55,4,08/09/2023,2134,Delivered,1500
2135.0,55,3,10/09/2023,2135,Delivered,1500
2136.0,55,3,10/09/2023,2136,Delivered,1000
2137.0,55,3,12/09/2023,2137,Delivered,1500
2138.0,55,3,12/09/2023,2138,Delivered,1500
2139.0,55,3,12/09/2023,2139,Delivered,2000
2140.0,55,5,12/09/2023,2140,Delivered,2000
2141.0,24,1,04/02/2023,2141,Delivered,1500
2142.0,24,6,13/02/2023,2142,Delivered,1500
2143.0,24,7,14/02/2023,2143,Delivered,1500
2144.0,24,6,15/02/2023,2144,Delivered,1500
2145.0,24,1,15/02/2023,2145,Delivered,1500
2146.0,24,1,16/02/2023,2146,Delivered,2500
2147.0,24,1,21/02/2023,2147,Delivered,1500
2148.0,24,6,23/02/2023,2148,cancelled, -   
2149.0,24,2,24/02/2023,2149,Delivered,1500
2150.0,24,6,03/03/2023,2150,Delivered,1500
2151.0,24,6,14/03/2023,2151,Delivered,1500
2152.0,24,1,17/03/2023,2152,Delivered,1500
2153.0,24,6,20/03/2023,2153,Delivered,1500
2154.0,24,6,22/03/2023,2154,Delivered,1000
2155.0,24,6,22/03/2023,2155,Delivered,1500
2156.0,24,1,07/04/2023,2156,Delivered,1500
2157.0,24,1,11/04/2023,2157,Delivered,1500
2158.0,24,2,28/04/2023,2158,Delivered,1500
2159.0,24,1,10/05/2023,2159,Delivered,1000
2160.0,24,2,13/05/2023,2160,Delivered,1000
2161.0,24,2,13/05/2023,2161,Delivered,1000
2162.0,24,1,10/06/2023,2162,Delivered,1500
2163.0,24,1,10/06/2023,2163,Delivered,1500
2164.0,24,1,14/06/2023,2164,Delivered,1500
2165.0,24,2,19/06/2023,2165,Delivered,2000
2166.0,24,1,02/08/2023,2166,Delivered,2000
2167.0,24,1,07/08/2023,2167,Delivered,2000
2168.0,24,1,17/08/2023,2168,Delivered,2000
2169.0,24,1,18/09/2023,2169,Delivered,1500
2170.0,24,1,19/09/2023,2170,Delivered,1500
2171.0,24,1,30/09/2023,2171,Delivered,1500
2172.0,24,1,30/09/2023,2172,Delivered,1500
2173.0,13,1,27/01/2023,2173,Delivered,1500
2174.0,13,1,28/01/2023,2174,Delivered,1500
2175.0,13,6,28/01/2023,2175,Delivered,1500
2176.0,13,7,02/02/2023,2176,Delivered,1500
2177.0,13,7,04/02/2023,2177,Delivered,2000
2178.0,13,7,09/02/2023,2178,Delivered,1500
2179.0,13,6,09/02/2023,2179,Delivered,1500
2180.0,13,6,11/02/2023,2180,Delivered,1500
2181.0,13,6,11/02/2023,2181,Delivered,1500
2182.0,13,1,14/02/2023,2182,Delivered,1500
2183.0,13,7,15/02/2023,2183,Delivered,1500
2184.0,13,6,17/02/2023,2184,Delivered,1500
2185.0,13,4,28/02/2023,2185,Delivered,1500
2186.0,13,4,28/02/2023,2186,Delivered,1500
2187.0,13,2,01/03/2023,2187,Delivered,1500
2188.0,13,3,01/03/2023,2188,Delivered,1500
2189.0,13,4,02/03/2023,2189,Delivered,1500
2190.0,13,1,02/03/2023,2190,Delivered,1500
2191.0,13,6,03/03/2023,2191,Delivered,1500
2192.0,13,6,03/03/2023,2192,Delivered,1500
2193.0,13,1,04/03/2023,2193,Delivered,1500
2194.0,13,1,09/03/2023,2194,Delivered,1500
2195.0,13,6,11/03/2023,2195,Delivered,1500
2196.0,13,7,28/03/2023,2196,Delivered,1500
2197.0,13,7,30/03/2023,2197,Delivered,1500
2198.0,13,4,31/03/2023,2198,Delivered,1500
2199.0,13,4,05/05/2023,2199,Delivered,1000
2200.0,13,4,06/05/2023,2200,Delivered,1000
2201.0,13,7,20/05/2023,2201,Delivered,1500
2202.0,13,4,07/06/2023,2202,cancelled, -   
2203.0,13,2,11/07/2023,2203,Delivered,2000
2204.0,13,2,16/08/2023,2204,Delivered,1500
2205.0,13,1,18/08/2023,2205,Delivered,1000
2206.0,13,2,04/09/2023,2206,Delivered,1500
2207.0,13,2,04/09/2023,2207,Delivered,1500
2208.0,13,2,09/09/2023,2208,Delivered,2000
2209.0,13,1,16/09/2023,2209,Delivered,2000
2210.0,13,1,19/09/2023,2210,Delivered,1500
2211.0,13,2,22/09/2023,2211,Delivered,2000
2212.0,13,1,23/09/2023,2212,Delivered,2000
2213.0,13,2,28/09/2023,2213,Delivered,2000
2214.0,21,1,03/02/2023,2214,Delivered,1500
2215.0,21,1,07/02/2023,2215,Delivered,1500
2216.0,21,6,24/02/2023,2216,Delivered,1500
2217.0,21,7,28/02/2023,2217,Delivered,1500
2218.0,21,7,02/03/2023,2218,Delivered,2000
2219.0,21,4,15/03/2023,2219,Delivered,1500
2220.0,21,4,16/03/2023,2220,Delivered,2500
2221.0,21,4,20/03/2023,2221,Delivered,2500
2222.0,21,7,30/03/2023,2222,Delivered,1500
2223.0,21,4,04/04/2023,2223,Delivered,3000
2224.0,21,2,06/04/2023,2224,Delivered,4000
2225.0,21,2,11/04/2023,2225,Delivered,2000
2226.0,21,1,13/04/2023,2226,Delivered,1500
2227.0,21,2,14/04/2023,2227,Delivered,1500
2228.0,21,2,21/04/2023,2228,Delivered,1500
2229.0,21,2,27/04/2023,2229,Delivered,1500
2230.0,21,1,02/05/2023,2230,Delivered,1000
2231.0,21,1,08/05/2023,2231,Delivered,1000
2232.0,21,2,08/05/2023,2232,Delivered,3000
2233.0,21,1,09/05/2023,2233,Delivered,3000
2234.0,21,2,12/05/2023,2234,Delivered,1500
2235.0,21,1,13/05/2023,2235,Delivered,1000
2236.0,21,1,18/05/2023,2236,Delivered,2500
2237.0,21,6,18/05/2023,2237,Delivered,1500
2238.0,21,7,19/05/2023,2238,Delivered,1500
2239.0,21,7,29/05/2023,2239,Delivered,1500
2240.0,21,4,01/06/2023,2240,Delivered,2000
2241.0,21,4,01/06/2023,2241,Delivered,1500
2242.0,21,4,03/06/2023,2242,Delivered,2000
2243.0,21,7,07/06/2023,2243,Delivered,1500
2244.0,21,4,09/06/2023,2244,Delivered,1500
2245.0,21,2,21/06/2023,2245,Delivered,1500
2246.0,21,2,23/06/2023,2246,Delivered,1500
2247.0,21,1,24/06/2023,2247,Delivered,1500
2248.0,21,2,07/07/2023,2248,Delivered,2000
2249.0,21,2,13/07/2023,2249,Delivered,2000
2250.0,21,2,17/07/2023,2250,Delivered,1500
2251.0,21,1,19/07/2023,2251,Delivered,1500
2252.0,21,1,19/07/2023,2252,Delivered,2000
2253.0,21,2,20/07/2023,2253,Delivered,2000
2254.0,21,1,28/07/2023,2254,Delivered,2000
2255.0,21,2,28/07/2023,2255,Delivered,1500
2256.0,21,1,29/07/2023,2256,Delivered,2000
2257.0,21,1,31/07/2023,2257,Delivered,2000
2258.0,21,6,02/08/2023,2258,Delivered,2000
2259.0,21,7,03/08/2023,2259,Delivered,1500
2260.0,21,7,04/08/2023,2260,Delivered,2000
2261.0,21,4,12/08/2023,2261,Delivered,2000
2262.0,21,4,16/08/2023,2262,Delivered,2000
2263.0,21,4,21/08/2023,2263,Delivered,2000
2264.0,21,7,23/08/2023,2264,Delivered,1500
2265.0,21,4,23/08/2023,2265,Delivered,2000
2266.0,21,2,24/08/2023,2266,Delivered,2000
2267.0,21,2,25/08/2023,2267,Delivered,2000
2268.0,21,1,28/08/2023,2268,Delivered,2000
2269.0,21,2,29/08/2023,2269,Delivered,2000
2270.0,21,2,31/08/2023,2270,Delivered,1000
2271.0,21,2,01/09/2023,2271,Delivered,2000
2272.0,21,1,07/09/2023,2272,Delivered,2000
2273.0,21,1,14/09/2023,2273,Delivered,2000
2274.0,21,2,14/09/2023,2274,Delivered,2000
2275.0,21,1,16/09/2023,2275,Delivered,2000
2276.0,21,1,16/09/2023,2276,Delivered,2500
2277.0,21,1,16/09/2023,2277,Delivered,2000
2278.0,235,6,21/09/2023,2278,Delivered,2000
2279.0,235,7,22/09/2023,2279,Delivered,2000
2280.0,235,7,30/09/2023,2280,Delivered,2000
2281.0,36,4,10/02/2023,2281,Delivered,1500
2282.0,36,4,11/02/2023,2282,Delivered,1500
2283.0,36,4,20/02/2023,2283,Delivered,1500
2284.0,36,7,13/03/2023,2284,Delivered,1500
2285.0,36,4,31/03/2023,2285,Delivered,1500
2286.0,36,2,01/04/2023,2286,Delivered,1500
2287.0,36,2,12/04/2023,2287,Delivered,1500
2288.0,36,1,17/04/2023,2288,Delivered,1500
2289.0,36,2,29/04/2023,2289,Delivered,1500
2290.0,36,2,04/05/2023,2290,Delivered,1500
2291.0,36,2,11/07/2023,2291,cancelled, -   
2292.0,36,1,31/08/2023,2292,Delivered,2000
